SAPC1,SAPC2,SAPC3   
-225.54549,121.2944555,4.94512
-222.9505736,121.2944555,4.720366847
-213.38251,121.2944555,5.30638
-232.774995,121.2944555,6.77081
-217.5604767,121.2944555,5.328446667
-222.9504386,121.2944555,4.809736847
-222.9502786,121.2944555,4.915656847
-222.9503786,126.388,4.849456847
-225.67341,121.2944555,6.12158
-219.954385,121.2944555,5.10163
-227.71481,121.2944555,5.10778
-222.9498286,261.831,5.213556847
-222.9496486,121.2944555,5.332716847
-222.9500672,121.2944555,5.055630202
-222.9500672,121.2944555,5.055630202
-222.9500672,236.092,5.055630202
-222.9500672,121.2944555,5.055630202
-222.9500672,121.2944555,5.055630202
-222.9500672,121.2944555,5.055630202
-222.9500672,121.2944555,5.055630202
-222.9500672,121.2944555,5.055630202
-222.9497986,121.2944555,5.233416847
-222.9500672,121.2944555,5.055630202
-222.9500672,121.2944555,5.055630202
-222.9500672,121.2944555,5.055630202
-222.9500672,121.2944555,5.055630202
-222.9498486,181.148,5.200316847
-222.9500672,121.2944555,5.055630202
-222.9500486,121.2944555,5.067916847
-222.9500672,121.2944555,5.055630202
-222.9500672,121.2944555,5.055630202
-222.9500672,121.2944555,5.055630202
-222.9500672,121.2944555,5.055630202
-222.9500672,121.2944555,5.055630202
-222.9501386,157.1765,5.008336847
-222.9500672,121.2944555,5.055630202
-222.9503286,121.2944555,4.882556847
-222.9500672,121.2944555,5.055630202
-222.9500672,121.2944555,5.055630202
-222.9501186,121.2944555,5.021576847
-222.9500086,121.2944555,5.094396847
-222.9500672,121.2944555,5.055630202
-222.9495986,121.2944555,5.365816847
-222.9499386,121.2944555,5.140736847
-222.9495486,121.2944555,5.398916847
-222.9495486,121.2944555,5.398916847
-222.9500672,121.2944555,5.055630202
-222.9500672,121.2944555,5.055630202
-222.9501486,121.2944555,5.001716847
-222.9496953,121.2944555,5.301823513
-222.9500486,121.2944555,5.067916847
-222.9500486,121.2944555,5.067916847
-222.9500286,121.2944555,5.081156847
-222.9499486,122.7925,5.134116847
-222.9501786,121.2944555,4.981856847
-222.9501686,121.2944555,4.988476847
-222.9503836,121.2944555,4.846146847
-222.9500672,121.2944555,5.055630202
-222.9495786,121.2944555,5.379056847
-222.9499186,121.2944555,5.153976847
-222.9500672,121.2944555,5.055630202
-222.9499986,121.2944555,5.101016847
-222.9500672,121.2944555,5.055630202
-222.9505086,121.2944555,4.763396847
-222.9498586,121.2944555,5.193696847
-222.9500672,121.2944555,5.055630202
-222.9498486,121.2944555,5.200316847
-222.9498386,121.2944555,5.206936847
-222.9500672,121.2944555,5.055630202
-222.9503853,121.2944555,4.845043513
-222.9495486,121.2944555,5.398916847
-222.9495686,121.2944555,5.385676847
-222.9497486,121.2944555,5.266516847
-222.9502486,121.2944555,4.935516847
-222.9500672,121.2944555,5.055630202
-222.9500672,121.2944555,5.055630202
-222.9498186,121.2944555,5.220176847
-222.9500672,121.2944555,5.055630202
-222.9497086,121.2944555,5.292996847
-222.9497186,121.2944555,5.286376847
-222.9500672,121.2944555,5.055630202
-222.9500672,121.2944555,5.055630202
-222.9496686,121.2944555,5.319476847
-222.9500672,121.2944555,5.055630202
-222.9500536,121.2944555,5.064606847
-222.9505486,121.2944555,4.736916847
-222.9495786,121.2944555,5.379056847
-222.9500672,121.2944555,5.055630202
-222.9500672,121.2944555,5.055630202
-222.9496836,121.2944555,5.309546847
-222.9497486,121.2944555,5.266516847
-222.9497186,121.2944555,5.286376847
-222.9500986,121.2944555,5.034816847
-222.9497986,121.2944555,5.233416847
-222.9496786,121.2944555,5.312856847
-222.9500672,121.2944555,5.055630202
-222.9498186,121.2944555,5.220176847
-222.9500672,121.2944555,5.055630202
-222.9497686,121.2944555,5.253276847
-222.9500672,121.2944555,5.055630202
-222.9500672,121.2944555,5.055630202
-222.9499736,121.2944555,5.117566847
-222.9500672,121.2944555,5.055630202
-222.9507486,121.2944555,4.604516847
-222.9500486,121.2944555,5.067916847
-222.9500486,121.2944555,5.067916847
-222.9497386,121.2944555,5.273136847
-222.9498986,121.2944555,5.167216847
-222.9503686,121.2944555,4.856076847
-222.9499936,121.2944555,5.104326847
-222.9498211,121.2944555,5.218521847
-222.9500672,121.2944555,5.055630202
-222.9500672,121.2944555,5.055630202
-222.9500786,121.2944555,5.048056847
-222.9499086,121.2944555,5.160596847
-222.9500672,121.2944555,5.055630202
-222.9499336,121.2944555,5.144046847
-222.9500672,121.2944555,5.055630202
-222.9501286,121.2944555,5.014956847
-222.9502886,121.2944555,4.909036847
-222.9496086,121.2944555,5.359196847
-222.9500672,193.401,5.055630202
-222.9501486,121.2944555,5.001716847
-230.67055,121.2944555,5.6544
-222.9505486,121.2944555,4.736916847
-222.9504386,121.2944555,4.809736847
-222.9500672,121.2944555,5.055630202
-222.9499886,121.2944555,5.107636847
-222.9498011,121.2944555,5.231761847
-222.9500672,121.2944555,5.055630202
-222.9495886,121.2944555,5.372436847
-222.9500672,121.2944555,5.055630202
-222.9500672,121.2944555,5.055630202
-222.9500672,121.2944555,5.055630202
-222.9500672,121.2944555,5.055630202
-222.9496486,121.2944555,5.332716847
-222.9500672,121.2944555,5.055630202
-222.9500486,121.2944555,5.067916847
-222.9497936,121.2944555,5.236726847
-222.9500672,121.2944555,5.055630202
-222.9500672,121.2944555,5.055630202
-222.9497886,121.2944555,5.240036847
-222.9500672,121.2944555,5.055630202
-222.9500672,121.2944555,5.055630202
-222.9500672,121.2944555,5.055630202
-222.9500672,121.2944555,5.055630202
-222.9500672,121.2944555,5.055630202
-222.9500672,121.2944555,5.055630202
-222.9500672,121.2944555,5.055630202
-222.9500672,121.2944555,5.055630202
-222.9500672,121.2944555,5.055630202
-222.9500672,121.2944555,5.055630202
-222.9500672,121.2944555,5.055630202
-222.9500672,121.2944555,5.055630202
-222.9500672,121.2944555,5.055630202
-222.9500672,121.2944555,5.055630202
-222.9500672,121.2944555,5.055630202
-222.9500672,121.2944555,5.055630202
-222.9500672,121.2944555,5.055630202
-222.9500672,121.2944555,5.055630202
-222.9500672,121.2944555,5.055630202
-222.9500672,121.2944555,5.055630202
-222.9500672,121.2944555,5.055630202
-222.9500672,121.2944555,5.055630202
-222.9495486,121.2944555,5.398916847
-222.9500672,121.2944555,5.055630202
-222.9500672,121.2944555,5.055630202
-222.9500672,121.2944555,5.055630202
-222.9500672,121.2944555,5.055630202
-222.9500672,121.2944555,5.055630202
-222.9500672,121.2944555,5.055630202
-222.9500672,121.2944555,5.055630202
-222.9500672,121.2944555,5.055630202
-222.9500672,121.2944555,5.055630202
-222.9500672,121.2944555,5.055630202
-222.9500672,121.2944555,5.055630202
-222.9500672,121.2944555,5.055630202
-222.9500672,121.2944555,5.055630202
-222.9500672,121.2944555,5.055630202
-222.9500672,121.2944555,5.055630202
-222.9500672,121.2944555,5.055630202
-222.9495486,121.2944555,5.398916847
-222.9500672,121.2944555,5.055630202
-222.9500672,121.2944555,5.055630202
-222.9500672,121.2944555,5.055630202
-222.9500672,121.2944555,5.055630202
-222.9500672,121.2944555,5.055630202
-222.9500672,121.2944555,5.055630202
-222.9500672,121.2944555,5.055630202
-222.9500672,121.2944555,5.055630202
-222.9500672,121.2944555,5.055630202
-222.9500672,121.2944555,5.055630202
-222.9500672,121.2944555,5.055630202
-222.9500672,121.2944555,5.055630202
-222.9500672,121.2944555,5.055630202
-222.9500672,121.2944555,5.055630202
-222.9500672,121.2944555,5.055630202
-222.9500672,121.2944555,5.055630202
-222.9500672,121.2944555,5.055630202
-222.9500672,121.2944555,5.055630202
-222.9500672,121.2944555,5.055630202
-222.9500672,121.2944555,5.055630202
-222.9500672,121.2944555,5.055630202
-222.9500672,121.2944555,5.055630202
-222.9497036,121.2944555,5.296306847
-222.9500672,121.2944555,5.055630202
-222.9500672,121.2944555,5.055630202
-222.9500672,121.2944555,5.055630202
-222.9500672,121.2944555,5.055630202
-222.9499986,121.2944555,5.101016847
-222.9500672,121.2944555,5.055630202
-222.9500672,121.2944555,5.055630202
-222.9500672,121.2944555,5.055630202
-222.9500672,121.2944555,5.055630202
-222.9500672,121.2944555,5.055630202
-222.9500672,121.2944555,5.055630202
-222.9500672,121.2944555,5.055630202
-222.9500672,121.2944555,5.055630202
-222.9500672,121.2944555,5.055630202
-222.9500672,121.2944555,5.055630202
-222.9500672,121.2944555,5.055630202
-222.9500672,121.2944555,5.055630202
-222.9500672,121.2944555,5.055630202
-222.9500672,121.2944555,5.055630202
-222.9500672,121.2944555,5.055630202
-222.9500672,121.2944555,5.055630202
-222.9500672,121.2944555,5.055630202
-222.9500672,121.2944555,5.055630202
-222.9500672,121.2944555,5.055630202
-222.9500672,121.2944555,5.055630202
-222.9500672,121.2944555,5.055630202
-222.9500672,121.2944555,5.055630202
-222.9500672,121.2944555,5.055630202
-222.9500672,121.2944555,5.055630202
-222.9500672,121.2944555,5.055630202
-222.9502986,121.2944555,4.902416847
-222.9500672,121.2944555,5.055630202
-222.9498686,205.298,5.187076847
-222.9500672,121.2944555,5.055630202
-222.9500672,121.2944555,5.055630202
-222.9500672,121.2944555,5.055630202
-222.9500672,121.2944555,5.055630202
-222.9500672,121.2944555,5.055630202
-222.9500672,121.2944555,5.055630202
-222.9500672,121.2944555,5.055630202
-222.9500672,121.2944555,5.055630202
-222.9500672,121.2944555,5.055630202
-222.9500672,121.2944555,5.055630202
-222.9500672,121.2944555,5.055630202
-222.9500672,121.2944555,5.055630202
-222.9500672,121.2944555,5.055630202
-222.9500672,121.2944555,5.055630202
-222.9500672,121.2944555,5.055630202
-222.9499919,121.2944555,5.10543018
-222.9500672,121.2944555,5.055630202
-222.9500672,121.2944555,5.055630202
-222.9500672,121.2944555,5.055630202
-222.9500672,121.2944555,5.055630202
-222.9503086,121.2944555,4.895796847
-222.9500672,121.2944555,5.055630202
-222.9500672,121.2944555,5.055630202
-222.9500672,121.2944555,5.055630202
-222.9500672,121.2944555,5.055630202
-222.9500672,121.2944555,5.055630202
-222.9501836,121.2944555,4.978546847
-222.9500672,121.2944555,5.055630202
-222.9500672,121.2944555,5.055630202
-222.9500672,121.2944555,5.055630202
-222.9500672,121.2944555,5.055630202
-222.9500672,121.2944555,5.055630202
-222.9500672,121.2944555,5.055630202
-222.9500672,121.2944555,5.055630202
-222.9500672,121.2944555,5.055630202
-222.9500672,121.2944555,5.055630202
-222.9500672,121.2944555,5.055630202
-222.9500672,121.2944555,5.055630202
-222.9500419,121.2944555,5.07233018
-222.9500672,121.2944555,5.055630202
-222.9500672,121.2944555,5.055630202
-222.9500672,121.2944555,5.055630202
-222.9500672,121.2944555,5.055630202
-222.9500672,121.2944555,5.055630202
-222.9497186,215.055,5.286376847
-222.9503786,121.2944555,4.849456847
-222.9495486,121.2944555,5.398916847
-222.9499786,121.2944555,5.114256847
-222.9501486,121.2944555,5.001716847
-222.9498186,121.2944555,5.220176847
-222.9500672,121.2944555,5.055630202
-222.9500672,121.2944555,5.055630202
-222.9500672,121.2944555,5.055630202
-222.9500672,121.2944555,5.055630202
-222.9498836,121.2944555,5.177146847
-222.9500672,121.2944555,5.055630202
-222.9500672,121.2944555,5.055630202
-222.9500672,121.2944555,5.055630202
-222.9500672,121.2944555,5.055630202
-222.9500986,121.2944555,5.034816847
-222.9500672,121.2944555,5.055630202
-222.9500672,121.2944555,5.055630202
-222.9500672,121.2944555,5.055630202
-222.9500672,121.2944555,5.055630202
-222.9500672,121.2944555,5.055630202
-222.9500586,121.2944555,5.061296847
-222.9500672,121.2944555,5.055630202
-222.9500672,121.2944555,5.055630202
-222.9500672,121.2944555,5.055630202
-222.9500672,121.2944555,5.055630202
-222.9500672,121.2944555,5.055630202
-222.9500672,121.2944555,5.055630202
-222.9500672,121.2944555,5.055630202
-222.9500672,121.2944555,5.055630202
-222.9500672,121.2944555,5.055630202
-222.9500672,121.2944555,5.055630202
-222.9500672,121.2944555,5.055630202
-222.9500672,121.2944555,5.055630202
-222.9500672,121.2944555,5.055630202
-222.9496236,121.2944555,5.349266847
-222.9500672,121.2944555,5.055630202
-222.9500672,121.2944555,5.055630202
-222.9500672,121.2944555,5.055630202
-222.9500672,121.2944555,5.055630202
-222.9500672,121.2944555,5.055630202
-222.9500672,121.2944555,5.055630202
-222.9500672,121.2944555,5.055630202
-222.9498186,140.6765,5.220176847
-222.9500672,121.2944555,5.055630202
-222.9500672,121.2944555,5.055630202
-222.9500672,121.2944555,5.055630202
-222.9500672,121.2944555,5.055630202
-222.9500672,121.2944555,5.055630202
-222.9500672,121.2944555,5.055630202
-222.9500672,121.2944555,5.055630202
-222.9500672,121.2944555,5.055630202
-222.9500672,121.2944555,5.055630202
-222.9500672,121.2944555,5.055630202
-222.9500672,121.2944555,5.055630202
-222.9500672,121.2944555,5.055630202
-222.9500672,121.2944555,5.055630202
-222.9500672,121.2944555,5.055630202
-222.9500672,121.2944555,5.055630202
-222.9500672,121.2944555,5.055630202
-222.9505986,121.2944555,4.703816847
-222.9500672,121.2944555,5.055630202
-222.9500672,121.2944555,5.055630202
-222.9500672,121.2944555,5.055630202
-222.9500672,121.2944555,5.055630202
-222.9499436,121.2944555,5.137426847
-222.9497486,121.2944555,5.266516847
-222.9500672,121.2944555,5.055630202
-222.9500672,121.2944555,5.055630202
-222.9500672,121.2944555,5.055630202
-222.9500672,121.2944555,5.055630202
-222.9500672,121.2944555,5.055630202
-222.9500672,121.2944555,5.055630202
-222.9509653,121.2944555,4.461083513
-222.9500672,121.2944555,5.055630202
-222.9500672,121.2944555,5.055630202
-222.9500672,121.2944555,5.055630202
-222.9500672,121.2944555,5.055630202
-222.9500672,121.2944555,5.055630202
-222.9500672,121.2944555,5.055630202
-222.9497386,121.2944555,5.273136847
-222.9500672,121.2944555,5.055630202
-222.9500672,121.2944555,5.055630202
-222.9500672,121.2944555,5.055630202
-222.9500672,121.2944555,5.055630202
-222.9500672,121.2944555,5.055630202
-222.9500672,121.2944555,5.055630202
-222.9495486,121.2944555,5.398916847
-849.22607,121.2944555,5.22316
-222.9500672,121.2944555,5.055630202
-222.9500672,121.2944555,5.055630202
-222.9500672,121.2944555,5.055630202
-222.9500672,121.2944555,5.055630202
-222.9500672,121.2944555,5.055630202
-222.9500672,121.2944555,5.055630202
-222.9500672,121.2944555,5.055630202
-222.9500672,121.2944555,5.055630202
-222.9500672,121.2944555,5.055630202
-222.9500672,121.2944555,5.055630202
-222.9500672,121.2944555,5.055630202
-222.9500672,121.2944555,5.055630202
-222.9500672,121.2944555,5.055630202
-222.9500672,121.2944555,5.055630202
-222.9500672,121.2944555,5.055630202
-222.9500672,121.2944555,5.055630202
-222.9500672,121.2944555,5.055630202
-222.9500672,121.2944555,5.055630202
-222.9500672,121.2944555,5.055630202
-222.9500672,121.2944555,5.055630202
-222.9500672,121.2944555,5.055630202
-222.9500672,121.2944555,5.055630202
-222.9500672,121.2944555,5.055630202
-222.9500672,121.2944555,5.055630202
-222.9500672,121.2944555,5.055630202
-222.9500672,121.2944555,5.055630202
-222.9500672,121.2944555,5.055630202
-222.9500672,121.2944555,5.055630202
-222.9500672,121.2944555,5.055630202
-222.9500672,121.2944555,5.055630202
-222.9500672,121.2944555,5.055630202
-222.9500672,121.2944555,5.055630202
-222.9500672,121.2944555,5.055630202
-222.9500672,121.2944555,5.055630202
-222.9500672,121.2944555,5.055630202
-222.9500672,121.2944555,5.055630202
-222.9500672,121.2944555,5.055630202
-222.9500672,121.2944555,5.055630202
-222.9500672,121.2944555,5.055630202
-222.9500672,121.2944555,5.055630202
-222.9500672,121.2944555,5.055630202
-222.9500672,121.2944555,5.055630202
-222.9500672,121.2944555,5.055630202
-222.9500672,121.2944555,5.055630202
-222.9500672,121.2944555,5.055630202
-222.9500672,121.2944555,5.055630202
-222.9500672,121.2944555,5.055630202
-222.9500672,121.2944555,5.055630202
-222.9500672,121.2944555,5.055630202
-222.9500672,121.2944555,5.055630202
-222.9500672,121.2944555,5.055630202
-222.9500672,121.2944555,5.055630202
-222.9500672,121.2944555,5.055630202
-222.9500672,121.2944555,5.055630202
-222.9500672,121.2944555,5.055630202
-222.9500672,121.2944555,5.055630202
-222.9500672,121.2944555,5.055630202
-222.9500672,121.2944555,5.055630202
-222.9500672,121.2944555,5.055630202
-222.9500672,121.2944555,5.055630202
-222.9500672,121.2944555,5.055630202
-222.9500672,121.2944555,5.055630202
-222.9500672,121.2944555,5.055630202
-222.9500672,121.2944555,5.055630202
-222.9500672,121.2944555,5.055630202
-222.9500672,121.2944555,5.055630202
-222.9500672,121.2944555,5.055630202
-222.9500672,121.2944555,5.055630202
-222.9500672,121.2944555,5.055630202
-222.9500672,121.2944555,5.055630202
-222.9500672,121.2944555,5.055630202
-222.9499086,121.2944555,5.160596847
-222.9499886,121.2944555,5.107636847
-222.9500672,165.9165,5.055630202
-222.9500672,121.2944555,5.055630202
-222.9495886,121.2944555,5.372436847
-222.9500672,121.2944555,5.055630202
-222.9501286,121.2944555,5.014956847
-222.9501586,121.2944555,4.995096847
-222.9499636,121.2944555,5.124186847
-222.9500672,121.2944555,5.055630202
-222.9500086,121.2944555,5.094396847
-222.9504886,121.2944555,4.776636847
-222.9500672,121.2944555,5.055630202
-222.9500672,121.2944555,5.055630202
-222.9500672,121.2944555,5.055630202
-222.9501386,121.2944555,5.008336847
-222.9501486,121.2944555,5.001716847
-222.9500672,121.2944555,5.055630202
-222.9505336,121.2944555,4.746846847
-222.9504286,163.1965,4.816356847
-222.9500672,121.2944555,5.055630202
-222.9502336,121.2944555,4.945446847
-222.9500672,121.2944555,5.055630202
-222.9500672,121.2944555,5.055630202
-222.9501786,121.2944555,4.981856847
-222.9500672,121.2944555,5.055630202
-222.9497836,144.1235,5.243346847
-222.9500672,121.2944555,5.055630202
-222.9500672,121.2944555,5.055630202
-222.9500672,121.2944555,5.055630202
-222.9500672,121.2944555,5.055630202
-222.9500672,121.2944555,5.055630202
-222.9500672,121.2944555,5.055630202
-222.9500672,121.2944555,5.055630202
-222.9500672,121.2944555,5.055630202
-222.9500672,121.2944555,5.055630202
-222.9500672,121.2944555,5.055630202
-222.9500672,121.2944555,5.055630202
-222.9500672,121.2944555,5.055630202
-222.9500672,121.2944555,5.055630202
-222.9500672,121.2944555,5.055630202
-222.9500672,121.2944555,5.055630202
-222.9500672,121.2944555,5.055630202
-222.9500672,121.2944555,5.055630202
-222.9500672,121.2944555,5.055630202
-222.9500672,121.2944555,5.055630202
-222.9500672,121.2944555,5.055630202
-222.9507386,80.111,4.611136847
-222.9500672,121.2944555,5.055630202
-222.9500672,121.2944555,5.055630202
-222.9500672,121.2944555,5.055630202
-222.9500672,121.2944555,5.055630202
-222.9500672,121.2944555,5.055630202
-222.9500672,121.2944555,5.055630202
-222.9500672,121.2944555,5.055630202
-222.9500672,121.2944555,5.055630202
-222.9500672,121.2944555,5.055630202
-222.9500672,121.2944555,5.055630202
-222.9500672,121.2944555,5.055630202
-222.9500672,121.2944555,5.055630202
-222.9500672,121.2944555,5.055630202
-222.9500672,121.2944555,5.055630202
-222.9500672,121.2944555,5.055630202
-222.9500672,121.2944555,5.055630202
-222.9500672,121.2944555,5.055630202
-222.9500672,121.2944555,5.055630202
-222.9500672,121.2944555,5.055630202
-222.9500672,121.2944555,5.055630202
-222.9500672,121.2944555,5.055630202
-222.9500672,121.2944555,5.055630202
-222.9500672,121.2944555,5.055630202
-222.9500672,121.2944555,5.055630202
-222.9502686,121.2944555,4.922276847
-222.9500672,121.2944555,5.055630202
-222.9500672,121.2944555,5.055630202
-222.9500672,121.2944555,5.055630202
-222.9500672,121.2944555,5.055630202
-222.9500672,121.2944555,5.055630202
-222.9500672,121.2944555,5.055630202
-222.9500672,121.2944555,5.055630202
-222.9500672,121.2944555,5.055630202
-222.9500672,121.2944555,5.055630202
-222.9503286,121.2944555,4.882556847
-222.9500672,121.2944555,5.055630202
-222.9500672,121.2944555,5.055630202
-222.9500672,103.358,5.055630202
-222.9500672,121.2944555,5.055630202
-222.9501986,121.2944555,4.968616847
-222.9500672,121.2944555,5.055630202
-222.9500672,121.2944555,5.055630202
-222.9500672,121.2944555,5.055630202
-222.9500672,121.2944555,5.055630202
-222.9500672,121.2944555,5.055630202
-222.9500672,121.2944555,5.055630202
-222.9500672,121.2944555,5.055630202
-222.9496486,121.2944555,5.332716847
-222.9500672,121.2944555,5.055630202
-222.9501919,126.421,4.97303018
-222.9500672,121.2944555,5.055630202
-222.9498986,125.3695,5.167216847
-222.9500672,121.2944555,5.055630202
-222.9500672,121.2944555,5.055630202
-222.9500672,121.2944555,5.055630202
-222.9500672,121.2944555,5.055630202
-222.9500672,121.2944555,5.055630202
-222.9500672,121.2944555,5.055630202
-222.9500672,121.2944555,5.055630202
-222.9500672,121.2944555,5.055630202
-222.9500672,121.2944555,5.055630202
-222.9500672,121.2944555,5.055630202
-222.9500672,121.2944555,5.055630202
-222.9500672,121.2944555,5.055630202
-222.9500672,121.2944555,5.055630202
-222.9500672,121.2944555,5.055630202
-222.9500672,121.2944555,5.055630202
-222.9501886,74.4565,4.975236847
-222.9505486,121.2944555,4.736916847
-222.9500672,121.2944555,5.055630202
-222.9500672,121.2944555,5.055630202
-222.9500672,121.2944555,5.055630202
-222.9500672,121.2944555,5.055630202
-222.9500672,121.2944555,5.055630202
-222.9500672,121.2944555,5.055630202
-222.9502686,121.2944555,4.922276847
-222.9500672,121.2944555,5.055630202
-222.9500672,121.2944555,5.055630202
-222.9500672,121.2944555,5.055630202
-222.9500672,121.2944555,5.055630202
-222.9500672,121.2944555,5.055630202
-222.9500672,121.2944555,5.055630202
-222.9500672,121.2944555,5.055630202
-222.9500672,121.2944555,5.055630202
-222.9497086,121.2944555,5.292996847
-222.9500672,121.2944555,5.055630202
-222.9500672,121.2944555,5.055630202
-222.9500672,121.2944555,5.055630202
-222.9500672,121.2944555,5.055630202
-222.9500672,121.2944555,5.055630202
-222.9500672,121.2944555,5.055630202
-222.9500672,121.2944555,5.055630202
-222.9500672,121.2944555,5.055630202
-222.9498986,121.2944555,5.167216847
-222.9500672,121.2944555,5.055630202
-222.9500672,121.2944555,5.055630202
-222.9500672,121.2944555,5.055630202
-222.9500672,121.2944555,5.055630202
-222.9500672,121.2944555,5.055630202
-222.9500672,121.2944555,5.055630202
-222.9500672,121.2944555,5.055630202
-222.9499586,121.2944555,5.127496847
-222.9500672,121.2944555,5.055630202
-222.9500672,121.2944555,5.055630202
-222.9500672,121.2944555,5.055630202
-222.9500672,121.2944555,5.055630202
-222.9500672,121.2944555,5.055630202
-222.9500672,121.2944555,5.055630202
-222.9500672,121.2944555,5.055630202
-222.9500672,121.2944555,5.055630202
-222.9500672,121.2944555,5.055630202
-222.9500672,121.2944555,5.055630202
-222.9500672,121.2944555,5.055630202
-222.9500672,121.2944555,5.055630202
-222.9500672,121.2944555,5.055630202
-222.9500672,121.2944555,5.055630202
-222.9500672,121.2944555,5.055630202
-222.9500986,121.2944555,5.034816847
-222.9500672,121.2944555,5.055630202
-222.9500672,121.2944555,5.055630202
-222.9500672,121.2944555,5.055630202
-222.9500672,121.2944555,5.055630202
-222.9500672,121.2944555,5.055630202
-222.9500672,121.2944555,5.055630202
-222.9500672,121.2944555,5.055630202
-222.9500672,121.2944555,5.055630202
-222.9500672,121.2944555,5.055630202
-222.9500672,121.2944555,5.055630202
-222.9500672,121.2944555,5.055630202
-222.9500672,121.2944555,5.055630202
-222.9500672,121.2944555,5.055630202
-222.9500672,121.2944555,5.055630202
-222.9500672,121.2944555,5.055630202
-222.9500672,121.2944555,5.055630202
-222.9500672,121.2944555,5.055630202
-222.9500672,121.2944555,5.055630202
-222.9500672,121.2944555,5.055630202
-222.9500672,121.2944555,5.055630202
-222.9500672,121.2944555,5.055630202
-222.9500672,121.2944555,5.055630202
-222.9500672,121.2944555,5.055630202
-222.9500672,121.2944555,5.055630202
-222.9500672,121.2944555,5.055630202
-222.9500672,121.2944555,5.055630202
-222.9500672,121.2944555,5.055630202
-222.9500672,121.2944555,5.055630202
-222.9500672,167.005,5.055630202
-222.9500672,121.2944555,5.055630202
-222.9500672,121.2944555,5.055630202
-222.9500672,121.2944555,5.055630202
-222.9500672,121.2944555,5.055630202
-222.9500672,121.2944555,5.055630202
-222.9500672,121.2944555,5.055630202
-222.9500672,121.2944555,5.055630202
-222.9500672,121.2944555,5.055630202
-222.9500672,121.2944555,5.055630202
-222.9500672,121.2944555,5.055630202
-222.9500672,121.2944555,5.055630202
-222.9500672,121.2944555,5.055630202
-222.9500672,121.2944555,5.055630202
-222.9500672,121.2944555,5.055630202
-222.9500672,121.2944555,5.055630202
-222.9500672,121.2944555,5.055630202
-222.9500672,121.2944555,5.055630202
-222.9500672,121.2944555,5.055630202
-222.9500672,121.2944555,5.055630202
-222.9500672,121.2944555,5.055630202
-222.9500672,121.2944555,5.055630202
-222.9500672,121.2944555,5.055630202
-222.9500672,121.2944555,5.055630202
-222.9500672,121.2944555,5.055630202
-222.9500672,121.2944555,5.055630202
-222.9500672,121.2944555,5.055630202
-222.9500672,121.2944555,5.055630202
-222.9500672,121.2944555,5.055630202
-222.9500672,121.2944555,5.055630202
-222.9500672,121.2944555,5.055630202
-222.9500672,121.2944555,5.055630202
-222.9500672,121.2944555,5.055630202
-222.9500672,121.2944555,5.055630202
-222.9500672,121.2944555,5.055630202
-222.9500672,121.2944555,5.055630202
-222.9500672,121.2944555,5.055630202
-222.9500672,121.2944555,5.055630202
-222.9500672,121.2944555,5.055630202
-222.9500672,121.2944555,5.055630202
-222.9500672,121.2944555,5.055630202
-222.9500672,121.2944555,5.055630202
-222.9500672,121.2944555,5.055630202
-222.9500672,121.2944555,5.055630202
-222.9500672,121.2944555,5.055630202
-222.9500672,121.2944555,5.055630202
-222.9500672,121.2944555,5.055630202
-222.9500672,121.2944555,5.055630202
-222.9500672,121.2944555,5.055630202
-222.9500672,121.2944555,5.055630202
-222.9500672,121.2944555,5.055630202
-222.9500672,121.2944555,5.055630202
-222.9500672,121.2944555,5.055630202
-222.9498486,65.351,5.200316847
-222.9500672,121.2944555,5.055630202
-222.9500672,121.2944555,5.055630202
-222.9500672,121.2944555,5.055630202
-222.9500672,121.2944555,5.055630202
-222.9500672,121.2944555,5.055630202
-222.9500672,121.2944555,5.055630202
-222.9500672,121.2944555,5.055630202
-222.9500672,121.2944555,5.055630202
-222.9500672,121.2944555,5.055630202
-222.9500672,121.2944555,5.055630202
-222.9500672,121.2944555,5.055630202
-222.9500672,121.2944555,5.055630202
-222.9500672,121.2944555,5.055630202
-222.9500672,121.2944555,5.055630202
-222.9500672,121.2944555,5.055630202
-222.9500672,121.2944555,5.055630202
-222.9500672,121.2944555,5.055630202
-222.9500672,121.2944555,5.055630202
-222.9500672,121.2944555,5.055630202
-222.9500672,121.2944555,5.055630202
-222.9496486,121.2944555,5.332716847
-222.9500672,121.2944555,5.055630202
-222.9500672,121.2944555,5.055630202
-222.9500672,121.2944555,5.055630202
-222.9500672,121.2944555,5.055630202
-222.9500672,121.2944555,5.055630202
-222.9498786,121.2944555,5.180456847
-222.9500672,-41.4105,5.055630202
-222.9502686,121.2944555,4.922276847
-209.397305,121.2944555,4.40559
-222.9498819,113.331,5.17825018
-222.9500672,121.2944555,5.055630202
-222.9495486,121.2944555,5.398916847
-222.9500672,121.2944555,5.055630202
-222.9500672,121.2944555,5.055630202
-222.9500672,121.2944555,5.055630202
-222.9500672,121.2944555,5.055630202
-222.9500672,121.2944555,5.055630202
-222.9500672,121.2944555,5.055630202
-222.9505486,121.2944555,4.736916847
-222.9500672,121.2944555,5.055630202
-222.9500672,121.2944555,5.055630202
-222.9500672,121.2944555,5.055630202
-222.9500672,121.2944555,5.055630202
-222.9500672,121.2944555,5.055630202
-222.9500672,121.2944555,5.055630202
-222.9500672,121.2944555,5.055630202
-222.9500672,121.2944555,5.055630202
-222.9500672,121.2944555,5.055630202
-222.9500486,121.2944555,5.067916847
-222.9499119,158.265,5.15839018
-222.9500672,121.2944555,5.055630202
-222.9500672,121.2944555,5.055630202
-222.9500672,121.2944555,5.055630202
-222.9500672,121.2944555,5.055630202
-222.9500672,121.2944555,5.055630202
-222.9500672,121.2944555,5.055630202
-222.9504486,121.2944555,4.803116847
-222.9500672,121.2944555,5.055630202
-222.9500672,121.2944555,5.055630202
-222.9500672,121.2944555,5.055630202
-222.9500672,121.2944555,5.055630202
-222.9500672,121.2944555,5.055630202
-222.9500672,121.2944555,5.055630202
-222.9497686,83.4865,5.253276847
-222.9500672,121.2944555,5.055630202
-222.9500672,121.2944555,5.055630202
-222.9500672,121.2944555,5.055630202
-222.9500672,121.2944555,5.055630202
-222.9500672,121.2944555,5.055630202
-222.9498386,121.2944555,5.206936847
-222.9500672,121.2944555,5.055630202
-222.9500672,121.2944555,5.055630202
-222.9500672,121.2944555,5.055630202
-222.9495586,121.2944555,5.392296847
-222.9500672,121.2944555,5.055630202
-222.9500672,121.2944555,5.055630202
-222.9500672,121.2944555,5.055630202
-222.9500672,121.2944555,5.055630202
-222.9500672,121.2944555,5.055630202
-222.9500672,121.2944555,5.055630202
-222.9500672,121.2944555,5.055630202
-222.9500672,121.2944555,5.055630202
-222.9501986,113.0065,4.968616847
-222.9500672,121.2944555,5.055630202
-222.9505186,109.088,4.756776847
-222.9500672,121.2944555,5.055630202
-222.9500672,121.2944555,5.055630202
-222.9500672,121.2944555,5.055630202
-222.9500672,121.2944555,5.055630202
-222.9505486,126.4965,4.736916847
-222.9500672,121.2944555,5.055630202
-222.9500672,121.2944555,5.055630202
-222.9500672,121.2944555,5.055630202
-222.9500672,121.2944555,5.055630202
-222.9500672,121.2944555,5.055630202
-222.9500672,121.2944555,5.055630202
-222.9500672,121.2944555,5.055630202
-222.9500672,121.2944555,5.055630202
-222.9500672,121.2944555,5.055630202
-222.9500672,121.2944555,5.055630202
-222.9500672,121.2944555,5.055630202
-222.9500672,121.2944555,5.055630202
-222.9500672,121.2944555,5.055630202
-222.9500672,121.2944555,5.055630202
-222.9500672,121.2944555,5.055630202
-222.9500672,121.2944555,5.055630202
-222.9500672,121.2944555,5.055630202
-222.9500672,121.2944555,5.055630202
-222.9500672,121.2944555,5.055630202
-222.9500672,121.2944555,5.055630202
-222.9500672,121.2944555,5.055630202
-222.9500672,121.2944555,5.055630202
-222.9500672,121.2944555,5.055630202
-222.9500672,121.2944555,5.055630202
-222.9500672,121.2944555,5.055630202
-222.9500672,121.2944555,5.055630202
-222.9500672,121.2944555,5.055630202
-222.9500672,121.2944555,5.055630202
-222.9500672,121.2944555,5.055630202
-222.9500672,121.2944555,5.055630202
-222.9500672,121.2944555,5.055630202
-222.9500672,121.2944555,5.055630202
-222.9500672,121.2944555,5.055630202
-222.9496986,121.2944555,5.299616847
-222.9500672,121.2944555,5.055630202
-222.9500672,121.2944555,5.055630202
-222.9500672,121.2944555,5.055630202
-222.9500672,121.2944555,5.055630202
-222.9500672,121.2944555,5.055630202
-222.9500672,121.2944555,5.055630202
-222.9500672,121.2944555,5.055630202
-222.9500672,121.2944555,5.055630202
-222.9500672,121.2944555,5.055630202
-210.0874733,156.0165,5.330653333
-222.9500672,121.2944555,5.055630202
-222.9500672,121.2944555,5.055630202
-222.9500672,121.2944555,5.055630202
-222.9500672,121.2944555,5.055630202
-222.9500672,121.2944555,5.055630202
-222.9500672,121.2944555,5.055630202
-222.9503486,121.2944555,4.869316847
-222.9497386,121.2944555,5.273136847
-222.9500672,121.2944555,5.055630202
-222.9500672,121.2944555,5.055630202
-222.9500672,121.2944555,5.055630202
-222.9500672,121.2944555,5.055630202
-222.9500672,121.2944555,5.055630202
-222.9500672,121.2944555,5.055630202
-222.9500672,121.2944555,5.055630202
-222.9499586,121.2944555,5.127496847
-222.9500672,121.2944555,5.055630202
-222.9500672,121.2944555,5.055630202
-222.9500672,121.2944555,5.055630202
-222.9500672,121.2944555,5.055630202
-222.9500672,121.2944555,5.055630202
-222.9500672,121.2944555,5.055630202
-222.9500672,121.2944555,5.055630202
-222.9500672,121.2944555,5.055630202
-222.9500672,121.2944555,5.055630202
-222.9500672,121.2944555,5.055630202
-222.9497686,121.2944555,5.253276847
-222.9500672,121.2944555,5.055630202
-222.9500672,121.2944555,5.055630202
-222.9500672,121.2944555,5.055630202
-222.9500672,121.2944555,5.055630202
-222.9500672,121.2944555,5.055630202
-222.9500672,121.2944555,5.055630202
-222.9500672,121.2944555,5.055630202
-222.9500672,121.2944555,5.055630202
-222.9500672,121.2944555,5.055630202
-222.9497286,121.2944555,5.279756847
-222.9500672,121.2944555,5.055630202
-222.9496886,121.2944555,5.306236847
-222.9500672,121.2944555,5.055630202
-222.9500672,121.2944555,5.055630202
-222.9500672,121.2944555,5.055630202
-222.9500672,121.2944555,5.055630202
-222.9495486,121.2944555,5.398916847
-222.9500672,121.2944555,5.055630202
-222.9495486,121.2944555,5.398916847
-222.9500672,121.2944555,5.055630202
-222.9506086,121.2944555,4.697196847
-222.9500672,121.2944555,5.055630202
-222.9500672,121.2944555,5.055630202
-222.9500672,121.2944555,5.055630202
-222.9500672,121.2944555,5.055630202
-222.9500672,121.2944555,5.055630202
-222.9500672,121.2944555,5.055630202
-222.9500672,121.2944555,5.055630202
-222.9500672,121.2944555,5.055630202
-222.9500672,121.2944555,5.055630202
-222.9496936,121.2944555,5.302926847
-222.9500672,121.2944555,5.055630202
-222.9500672,121.2944555,5.055630202
-222.9500672,121.2944555,5.055630202
-222.9500672,121.2944555,5.055630202
-222.9500672,121.2944555,5.055630202
-222.9500672,121.2944555,5.055630202
-222.9500672,121.2944555,5.055630202
-222.9516586,121.2944555,4.002096847
-222.9500672,121.2944555,5.055630202
-222.9500672,121.2944555,5.055630202
-207.56648,-48.1575,3.82824
-222.9500672,121.2944555,5.055630202
-222.9498386,121.2944555,5.206936847
-222.9497486,121.2944555,5.266516847
-222.9497486,121.2944555,5.266516847
-222.9499136,121.2944555,5.157286847
-222.9496186,121.2944555,5.352576847
-222.9500672,121.2944555,5.055630202
-222.9495936,121.2944555,5.369126847
-222.9500672,121.2944555,5.055630202
-222.9500672,121.2944555,5.055630202
-222.9500672,121.2944555,5.055630202
-222.9500672,121.2944555,5.055630202
-222.9496286,121.2944555,5.345956847
-222.9500672,121.2944555,5.055630202
-222.9500672,121.2944555,5.055630202
-222.9498386,121.2944555,5.206936847
-222.9500672,121.2944555,5.055630202
-222.9499486,121.2944555,5.134116847
-222.9497119,121.2944555,5.29079018
-222.9500586,121.2944555,5.061296847
-222.9500672,121.2944555,5.055630202
-222.9500672,121.2944555,5.055630202
-213.47856,57.158,5.64778
-222.9501186,121.2944555,5.021576847
-222.9505686,121.2944555,4.723676847
-222.9499986,121.2944555,5.101016847
-222.9500672,121.2944555,5.055630202
-222.9500672,121.2944555,5.055630202
-222.9500672,121.2944555,5.055630202
-222.9496186,121.2944555,5.352576847
-222.9504286,141.328,4.816356847
-222.9500672,121.2944555,5.055630202
-222.9498686,121.2944555,5.187076847
-222.9499053,121.2944555,5.162803513
-222.9500672,121.2944555,5.055630202
-222.9501286,121.2944555,5.014956847
-222.9496286,121.2944555,5.345956847
-222.9500672,121.2944555,5.055630202
-222.9495986,121.2944555,5.365816847
-222.9495886,193.0435,5.372436847
-222.9500672,37.3195,5.055630202
-222.9496586,-66.2175,5.326096847
-217.624105,-22.7705,5.19999
-222.9498886,121.2944555,5.173836847
-222.9498186,121.2944555,5.220176847
-222.9498486,144.2995,5.200316847
-222.9498486,144.2995,5.200316847
-222.9497886,237.685,5.240036847
-222.9501486,168.4565,5.001716847
-222.9500672,81.561,5.055630202
-222.9499986,78.4795,5.101016847
-222.685595,121.2944555,5.62461
-222.9499086,158.265,5.160596847
-222.9500672,139.008,5.055630202
-222.9500672,156.378,5.055630202
-222.9497386,80.6195,5.273136847
-222.9499186,259.5535,5.153976847
-222.9501286,65.8265,5.014956847
-222.9496786,146.2635,5.312856847
-222.9497886,121.2944555,5.240036847
-219.793485,121.2944555,6.07193
-222.9497386,135.165,5.273136847
-222.9498486,121.2944555,5.200316847
-222.9500672,121.2944555,5.055630202
-222.9498186,110.2865,5.220176847
-222.9497536,128.855,5.263206847
-222.9505486,-53.5975,4.736916847
-222.9500386,121.2944555,5.074536847
-220.5489,121.2944555,5.0482
-222.9497286,245.5165,5.279756847
-222.9499686,105.355,5.120876847
-222.9501286,181.4035,5.014956847
-222.9497636,166.425,5.256586847
-222.9500672,121.2944555,5.055630202
-222.9497336,210.7765,5.276446847
-222.9500672,134.5465,5.055630202
-225.9481733,27.9995,4.780253333
-222.9500672,40.6195,5.055630202
-222.9500672,-10.5875,5.055630202
-222.9496586,203.0535,5.326096847
-222.9499486,121.2944555,5.134116847
-222.9495736,186.8435,5.382366847
-224.6940633,121.2944555,5.602073333
-222.9500386,72.1695,5.074536847
-222.9500672,-3.189,5.055630202
-222.9500672,-3.189,5.055630202
-222.9500672,119.131,5.055630202
-222.9496986,153.6195,5.299616847
-222.9499486,238.375,5.134116847
-222.9498836,238.6265,5.177146847
-222.9496886,120.9135,5.306236847
-222.9500672,127.6565,5.055630202
-222.9499086,121.2944555,5.160596847
-222.9502586,198.845,4.928896847
-222.9500672,249.431,5.055630202
-222.9498686,201.2035,5.187076847
-222.9497186,241.818,5.286376847
-222.9506186,53.601,4.690576847
-222.9500672,121.2944555,5.055630202
-222.9502686,160.5095,4.922276847
-222.9500672,187.3095,5.055630202
-222.9504486,121.2944555,4.803116847
-222.9496436,121.2944555,5.336026847
-222.9500672,121.2944555,5.055630202
-222.9500672,197.0335,5.055630202
-222.9500486,138.428,5.067916847
-222.9500672,242.578,5.055630202
-222.9499786,88.4935,5.114256847
-222.9495486,140.495,5.398916847
-222.9500786,205.3735,5.048056847
-222.9500672,258.788,5.055630202
-222.9496286,84.4995,5.345956847
-222.9502886,171.285,4.909036847
-222.9497786,164.285,5.246656847
-222.9502786,-46.9975,4.915656847
-222.9500286,109.2695,5.081156847
-222.9500986,59.5495,5.034816847
-222.9502486,121.2944555,4.935516847
-222.9500672,33.4395,5.055630202
-222.9500672,-23.279,5.055630202
-222.9496736,155.4365,5.316166847
-222.9500672,71.808,5.055630202
-222.9502486,121.2944555,4.935516847
-222.9496286,63.468,5.345956847
-222.9500672,121.2944555,5.055630202
-222.9500672,121.2944555,5.055630202
-222.9500672,-47.359,5.055630202
-222.9500672,251.318,5.055630202
-222.9504386,124.0665,4.809736847
-222.9501586,63.3965,4.995096847
-222.9501536,170.0865,4.998406847
-222.9499086,132.8065,5.160596847
-204.335715,106.008,5.17067
-222.9503286,72.531,4.882556847
-222.9503286,72.531,4.882556847
-222.9500672,180.2395,5.055630202
-222.9500672,181.218,5.055630202
-222.9496486,120.801,5.332716847
-222.9508686,-7.5775,4.525076847
-222.9500672,-94.4675,5.055630202
-222.9498486,121.2944555,5.200316847
-209.2684,121.2944555,5.0047
-222.9500672,121.2944555,5.055630202
-222.9500672,-16.099,5.055630202
-222.9500786,183.358,5.048056847
-222.9497986,-25.9275,5.233416847
-222.9502486,121.2944555,4.935516847
-222.9500672,-53.3075,5.055630202
-222.9500386,51.2135,5.074536847
-222.9496486,-44.639,5.332716847
-222.9500672,182.8825,5.055630202
-222.9497086,121.2944555,5.292996847
-222.9500672,121.2944555,5.055630202
-222.9505586,-31.9475,4.730296847
-222.9505586,-31.9475,4.730296847
-222.9500672,121.2944555,5.055630202
-222.9500036,118.988,5.097706847
-222.9500672,-51.096,5.055630202
-222.9498886,121.2944555,5.173836847
-222.9497066,121.2944555,5.294320847
-222.9500672,-23.3545,5.055630202
-222.9499486,-29.156,5.134116847
-222.9503836,121.2944555,4.846146847
-222.9502486,121.2944555,4.935516847
-222.9495619,128.561,5.39009018
-222.9495786,231.7365,5.379056847
-222.9500672,178.755,5.055630202
-222.9497586,39.678,5.259896847
-222.9498386,97.4095,5.206936847
-222.9509086,2.398,4.498596847
-222.9500672,121.2944555,5.055630202
-222.9500672,-59.979,5.055630202
-222.9500286,121.2944555,5.081156847
-222.9497336,149.4165,5.276446847
-222.9501436,136.468,5.005026847
-215.21239,121.2944555,5.38582
-222.9500436,207.3665,5.071226847
-216.370205,121.2944555,5.50829
-222.9499536,28.361,5.130806847
-222.9499986,150.648,5.101016847
-222.9495686,168.0895,5.385676847
-222.9500211,222.2365,5.086121847
-222.9499386,121.2944555,5.140736847
-222.9500919,181.5795,5.03923018
-222.9500219,121.2944555,5.08557018
-222.9504586,192.388,4.796496847
-222.9500672,-65.9275,5.055630202
-222.9499886,121.2944555,5.107636847
-222.9500672,55.9595,5.055630202
-222.9500672,84.2095,5.055630202
-222.9495736,103.8295,5.382366847
-222.9495486,190.1435,5.398916847
-222.9500672,217.628,5.055630202
-222.9500672,-35.756,5.055630202
-222.9500672,103.1065,5.055630202
-216.1468,121.2944555,5.1144
-222.9500672,190.7565,5.055630202
-222.9505386,121.2944555,4.743536847
-222.9500586,246.315,5.061296847
-222.9501736,110.0295,4.985166847
-222.9501486,34.3095,5.001716847
-228.34114,121.2944555,5.92582
-222.9500672,27.491,5.055630202
-222.9500986,103.1395,5.034816847
-222.9501286,112.4265,5.014956847
-222.9504236,-25.7805,4.819666847
-222.9500986,121.2944555,5.034816847
-222.9500672,122.288,5.055630202
-222.9505986,95.0895,4.703816847
-226.428,121.2944555,7.142
-222.9499786,3.121,5.114256847
-222.9500672,147.528,5.055630202
-222.9497386,223.4335,5.273136847
-222.9496236,98.028,5.349266847
-222.9500486,131.3895,5.067916847
-222.9497086,235.978,5.292996847
-222.9500672,72.1695,5.055630202
-222.9500672,235.3595,5.055630202
-222.9497586,194.128,5.259896847
-222.9500672,59.5495,5.055630202
-222.9504186,-54.249,4.822976847
-222.9500672,-59.256,5.055630202
-222.9500672,254.1135,5.055630202
-222.9498536,7.691,5.197006847
-222.9500786,158.6265,5.048056847
-222.9497786,141.475,5.246656847
-222.9500672,-22.846,5.055630202
-222.9500672,87.291,5.055630202
-222.9503986,43.6295,4.836216847
-222.9501536,121.2944555,4.998406847
-222.9500672,109.3065,5.055630202
-222.9497786,-19.7605,5.246656847
-222.9500672,65.5695,5.055630202
-222.9497586,166.425,5.259896847
-222.9502686,168.0895,4.922276847
-222.9500672,66.221,5.055630202
-222.9500672,-47.7205,5.055630202
-222.9500672,-47.7205,5.055630202
-222.9505486,66.221,4.736916847
-222.9500672,122.6495,5.055630202
-222.9506286,161.7795,4.683956847
-222.9501586,198.4835,4.995096847
-222.9501986,162.2165,4.968616847
-222.9500672,121.2944555,5.055630202
-222.9501186,121.2944555,5.021576847
-222.9500672,215.488,5.055630202
-222.9500686,-38.9805,5.054676847
-222.9501086,53.2395,5.028196847
-222.9498686,156.668,5.187076847
-222.9500672,-3.189,5.055630202
-222.9500672,121.2944555,5.055630202
-222.9499686,56.2495,5.120876847
-222.9500672,121.2944555,5.055630202
-222.9496286,121.818,5.345956847
-222.9500672,121.2944555,5.055630202
-222.9500672,121.2944555,5.055630202
-222.9500672,193.548,5.055630202
-222.9497286,121.2944555,5.279756847
-222.9500672,121.2944555,5.055630202
-222.9502486,18.424,4.935516847
-222.9500672,121.2944555,5.055630202
-222.9501486,121.2944555,5.001716847
-222.9505486,121.2944555,4.736916847
-207.59867,-45.1475,4.45146
-222.9498786,145.2465,5.180456847
-222.9497611,121.2944555,5.258241847
-222.9495886,121.2944555,5.372436847
-222.9499486,102.345,5.134116847
-222.9500672,-66.0745,5.055630202
-222.9508486,-44.8575,4.538316847
-222.9500186,214.875,5.087776847
-222.9502986,121.2944555,4.902416847
-222.9499086,224.9935,5.160596847
-222.9498036,115.7595,5.230106847
-222.9500186,158.408,5.087776847
-222.9498036,-29.589,5.230106847
-222.9497686,170.3395,5.253276847
-222.9495636,171.175,5.388986847
-222.9504286,102.055,4.816356847
-222.9496853,151.4095,5.308443513
-222.9498886,-88.086,5.173836847
-222.9504386,121.2944555,4.809736847
-222.9496686,121.2944555,5.319476847
-222.9496986,269.635,5.299616847
-222.9497386,195.398,5.273136847
-222.9500086,53.2395,5.094396847
-222.9501586,148.8695,4.995096847
-222.9500672,121.2944555,5.055630202
-222.9496586,154.818,5.326096847
-222.9497286,211.175,5.279756847
-222.9496986,198.992,5.299616847
-222.9500672,62.921,5.055630202
-222.9499436,121.2944555,5.137426847
-222.9497286,121.9265,5.279756847
-222.9497186,161.275,5.286376847
-222.9497186,226.368,5.286376847
-222.9500672,121.2944555,5.055630202
-222.9505086,180.495,4.763396847
-222.9495586,180.785,5.392296847
-222.9502636,49.9395,4.925586847
-222.9496886,207.6565,5.306236847
-222.9495836,277.575,5.375746847
-222.9496686,11.861,5.319476847
-222.9497586,177.195,5.259896847
-222.9503586,132.151,4.862696847
-222.9500286,130.448,5.081156847
-222.9499486,85.151,5.134116847
-222.9506386,61.5055,4.677336847
-222.9500672,58.8265,5.055630202
-222.9495486,90.881,5.398916847
-222.9510586,121.2944555,4.399296847
-222.9498486,186.111,5.200316847
-222.9498486,17.591,5.200316847
-222.9500672,97.048,5.055630202
-222.9499386,121.2944555,5.140736847
-222.9498986,120.7665,5.167216847
-222.9501019,34.3095,5.03261018
-222.9501486,229.668,5.001716847
-222.9497986,81.1665,5.233416847
-222.9498836,143.938,5.177146847
-222.9504986,75.251,4.770016847
-222.9500672,121.2944555,5.055630202
-222.9501786,-41.196,4.981856847
-222.9500672,79.7495,5.055630202
-222.9508786,46.131,4.518456847
-222.9500672,40.6195,5.055630202
-222.9497786,53.2395,5.246656847
-222.9501886,166.858,4.975236847
-222.9500672,52.878,5.055630202
-222.9496886,219.335,5.306236847
-222.9495686,121.2944555,5.385676847
-222.9500672,199.0925,5.055630202
-222.9500436,55.3795,5.071226847
-222.9497886,121.2944555,5.240036847
-222.9498286,81.851,5.213556847
-222.9500672,-7.5775,5.055630202
-222.9503486,40.981,4.869316847
-222.9500672,116.701,5.055630202
-222.9500672,102.198,5.055630202
-216.7416,-28.719,4.1233
-222.9505986,46.131,4.703816847
-222.9500672,-19.979,5.055630202
-222.9501586,132.588,4.995096847
-222.9497136,126.021,5.289686847
-222.9501536,77.681,4.998406847
-222.9502786,121.2944555,4.915656847
-222.9500672,144.0825,5.055630202
-222.9504586,247.9095,4.796496847
-222.9501886,271.1565,4.975236847
-222.9506386,266.7665,4.677336847
-222.9500186,137.6665,5.087776847
-222.9500672,91.461,5.055630202
-222.9503836,121.2944555,4.846146847
-222.9495586,108.798,5.392296847
-222.9500672,121.2944555,5.055630202
-222.9500672,62.051,5.055630202
-209.07708,121.2944555,4.18004
-222.9508486,31.1195,4.538316847
-222.9504986,21.761,4.770016847
-222.9500672,121.2944555,5.055630202
-222.9501036,84.428,5.031506847
-222.9500672,146.478,5.055630202
-222.9500672,185.7495,5.055630202
-222.9495886,184.375,5.372436847
-222.9507886,11.281,4.578036847
-222.9502536,172.008,4.932206847
-222.9499186,121.2944555,5.153976847
-222.9509286,135.051,4.485356847
-222.9506186,50.995,4.690576847
-222.9496086,121.2944555,5.359196847
-222.9496019,121.2944555,5.36361018
-222.9496686,121.2944555,5.319476847
-222.9498336,64.481,5.210246847
-222.9496486,121.2944555,5.332716847
-222.9498986,121.2944555,5.167216847
-222.9499886,121.2944555,5.107636847
-222.9499986,-9.499,5.101016847
-222.02874,121.2944555,3.83012
-222.9500861,121.2944555,5.043091847
-222.9532286,-20.269,2.962756847
-222.9506836,251.575,4.647546847
-222.9496286,121.2944555,5.345956847
-222.9500086,121.2944555,5.094396847
-222.9505886,80.115,4.710436847
-216.339,121.2944555,5.3565
-219.3264,121.2944555,6.1282
-222.9502486,121.2944555,4.935516847
-222.9500786,126.7865,5.048056847
-210.714515,121.2944555,5.67757
-215.5195,121.2944555,5.313
-213.22257,121.2944555,5.26666
-222.9501186,222.488,5.021576847
-204.176,121.2944555,3.8585
-222.9505686,155.945,4.723676847
-219.1660333,147.638,5.247433333
-222.9498286,155.3265,5.213556847
-218.66733,121.2944555,5.80004
-222.9502586,121.2944555,4.928896847
-233.466525,121.2944555,4.92195
-222.9502436,94.904,4.938826847
-219.633565,121.2944555,5.26997
-213.3505,121.2944555,5.313
-222.9500353,91.171,5.076743513
-222.9499836,105.1365,5.110946847
-222.9495486,232.5735,5.398916847
-222.9495586,289.6535,5.392296847
-220.0174033,121.2944555,5.751493333
-228.53325,121.2944555,6.2275
-222.9498386,109.3065,5.206936847
-222.9498386,109.3065,5.206936847
-222.9502286,15.3795,4.948756847
-220.42044,121.2944555,4.97822
-222.9498686,91.0995,5.187076847
-222.9500136,-16.099,5.091086847
-222.9507086,111.7365,4.630996847
-210.68242,121.2944555,5.74046
-222.9496336,216.5435,5.342646847
-201.84694,121.2944555,3.52372
-232.48743,121.2944555,5.35934
-222.9506086,170.3765,4.697196847
-207.72677,121.2944555,4.01076
-222.9502986,82.2125,4.902416847
-219.98569,121.2944555,5.93622
-222.9498586,190.8665,5.193696847
-222.9499486,15.3795,5.134116847
-222.9503686,204.318,4.856076847
-222.9502986,116.121,4.902416847
-218.123565,-1.919,4.14647
-225.98056,34.381,4.52428
-217.0299,121.2944555,5.4227
-222.9495686,174.3665,5.385676847
-222.9505653,238.6265,4.725883513
-224.29154,267.818,4.53752
-222.9500586,-7.649,5.061296847
-222.9503286,121.2944555,4.882556847
-222.9501036,179.801,5.031506847
-222.9505136,6.131,4.760086847
-222.9497486,121.2944555,5.266516847
-222.9498486,15.741,5.200316847
-212.09719,121.2944555,5.23072
-226.49231,121.2944555,6.56228
-217.88022,183.905,6.24736
-222.9497119,320.9465,5.29079018
-224.7585186,121.2944555,5.300713355
-215.213,121.2944555,5.3565
-206.536485,121.2944555,5.32293
-228.90404,121.2944555,5.99202
-222.9499419,219.7295,5.13853018
-222.9503486,74.5995,4.869316847
-222.9496286,59.911,5.345956847
-222.9499786,214.185,5.114256847
-218.06006,15.741,4.19328
-223.1523,121.2944555,4.6964
-222.9499386,121.2944555,5.140736847
-214.55402,121.2944555,4.96876
-210.15132,121.2944555,6.18116
-222.9503986,91.0995,4.836216847
-222.9500586,225.0265,5.061296847
-222.9500672,14.5095,5.055630202
-222.9498886,119.131,5.173836847
-224.63033,121.2944555,5.05104
-219.29403,121.2944555,5.99864
-210.925565,121.2944555,3.77197
-214.45755,121.2944555,5.2799
-221.77051,121.2944555,4.55738
-222.9500786,121.2944555,5.048056847
-203.209385,121.2944555,5.38913
-222.9497686,168.308,5.253276847
-210.5862367,121.2944555,5.487326667
-215.45571,121.2944555,4.79948
-215.45571,121.2944555,4.79948
-222.9501586,121.2944555,4.995096847
-222.9499886,-50.659,5.107636847
-226.6716233,121.2944555,4.856853333
-234.593175,121.2944555,5.24065
-226.5566067,121.2944555,5.616886667
-219.698355,1.381,4.37249
-222.9501086,179.078,5.028196847
-204.01535,121.2944555,3.5398
-219.7934,121.2944555,4.6302
-222.9503486,121.2944555,4.869316847
-220.9196925,121.2944555,4.811065
-216.27436,121.2944555,6.15468
-205.5256,-12.689,4.4978
-222.9503386,-56.536,4.875936847
-207.75855,121.2944555,5.2799
-214.63609,121.2944555,4.08642
-214.32976,121.2944555,4.76638
-222.9500986,121.2944555,5.034816847
-234.029265,121.2944555,5.84307
-214.29737,121.2944555,5.02456
-222.9500186,152.825,5.087776847
-217.912585,121.2944555,5.25673
-210.4588,121.2944555,4.3654
-222.9502986,75.541,4.902416847
-237.5162,121.2944555,5.8861
-214.82832,121.2944555,5.05766
-218.814685,121.2944555,4.06703
-222.9497119,121.2944555,5.29079018
-214.29731,121.2944555,6.18778
-213.19127,121.2944555,4.05426
-205.49345,121.2944555,4.5971
-213.28675,121.2944555,5.1475
-220.548075,121.2944555,6.34335
-228.3735133,56.321,5.678673333
-222.9499086,212.1165,5.160596847
-218.975125,121.2944555,3.77575
-224.25925,121.2944555,5.853
-222.9495486,121.2944555,5.398916847
-219.134255,121.2944555,5.47519
-222.46157,121.2944555,4.51766
-221.14327,121.2944555,5.46526
-212.06486,121.2944555,4.32568
-228.21336,121.2944555,5.03118
-222.9496686,192.098,5.319476847
-222.9495836,236.9235,5.375746847
-228.1491,121.2944555,4.8288
-225.9166,121.2944555,4.4978
-228.27808,121.2944555,4.55454
-219.48623,121.2944555,5.86624
-222.9501486,236.9525,5.001716847
-222.525,121.2944555,5.644
-214.54122,121.2944555,3.71286
-213.2545186,121.2944555,4.551713355
-222.9502236,121.2944555,4.952066847
-222.9500672,198.731,5.055630202
-202.1348,121.2944555,4.3654
-219.85709,121.2944555,5.20992
-217.84834,121.2944555,5.41892
-222.9497353,226.2965,5.275343513
-229.78736,121.2944555,6.52918
-221.39953,121.2944555,5.29314
-222.9500986,187.2765,5.034816847
-210.0235186,121.2944555,4.926213355
-222.9501486,175.8495,5.001716847
-226.70354,121.2944555,5.28652
-204.060415,121.2944555,5.36927
-222.9499986,223.971,5.101016847
-215.95409,121.2944555,4.83542
-214.20164,121.2944555,5.22032
-219.66559,121.2944555,4.50442
-216.86967,121.2944555,4.82596
-212.0325186,121.2944555,4.551713355
-222.9505486,173.8525,4.736916847
-217.7205186,121.2944555,4.551713355
-222.9503186,183.758,4.889176847
-222.9496886,96.758,5.306236847
-216.17849,121.2944555,5.31962
-222.9503686,121.2944555,4.856076847
-224.291225,121.2944555,6.24405
-208.9165186,121.2944555,3.428213355
-205.4295186,121.2944555,4.551713355
-206.12088,121.2944555,3.93794
-222.9496886,121.2944555,5.306236847
-216.741,121.2944555,4.146
-222.9496736,173.491,5.316166847
-208.1935186,121.2944555,4.177213355
-218.283785,121.2944555,4.00083
-211.46943,121.2944555,4.98484
-207.9822133,121.2944555,4.753773333
-223.90742,121.2944555,4.61696
-222.9503486,121.2944555,4.869316847
-220.26011,121.2944555,4.82218
-225.9165186,121.2944555,4.551713355
-222.9499286,56.2495,5.147356847
-223.53607,121.2944555,5.59766
-218.18764,121.2944555,4.47132
-223.15276,121.2944555,4.39188
-221.73863,121.2944555,4.47794
-222.5255186,121.2944555,4.551713355
-219.5695186,121.2944555,4.926213355
-215.3915186,121.2944555,4.926213355
-207.982595,121.2944555,5.25011
-207.982595,121.2944555,5.25011
-210.61857,121.2944555,5.26666
-217.06132,121.2944555,6.18116
-222.9503153,121.2944555,4.891383513
-226.30043,127.438,5.35934
-220.74085,121.2944555,5.0813
-222.9497486,214.475,5.266516847
-213.25456,121.2944555,4.52428
-226.6397,121.2944555,4.8061
-216.4025186,121.2944555,4.926213355
-232.455145,121.2944555,5.92251
-220.356425,121.2944555,4.61365
-222.9495486,121.2944555,5.398916847
-222.9496136,127.005,5.355886847
-222.9497586,121.2944555,5.259896847
-219.793,121.2944555,5.2695
-222.9500486,121.2944555,5.067916847
-211.0535186,121.2944555,4.551713355
-200.1895186,121.2944555,4.551713355
-205.9415186,121.2944555,4.177213355
-221.7385186,121.2944555,4.551713355
-204.8025186,121.2944555,4.177213355
-208.7568,121.2944555,3.9909
-226.63936,121.2944555,4.65668
-222.9504986,78.261,4.770016847
-211.1815186,121.2944555,4.551713355
-202.76167,121.2944555,3.70246
-213.075508,121.2944555,4.558704
-222.9502986,121.2944555,4.902416847
-198.6475186,121.2944555,4.177213355
-222.9500086,121.2944555,5.094396847
-200.6245186,121.2944555,3.802713355
-222.9500586,172.9495,5.061296847
-225.91674,121.2944555,4.40512
-214.89271,121.2944555,4.05048
-221.83412,121.2944555,4.81556
-215.77544,121.2944555,6.47622
-224.131025,121.2944555,5.25295
-221.463,121.2944555,5.644
-220.13306,121.2944555,4.19328
-195.7875186,121.2944555,4.551713355
-212.6595186,121.2944555,4.926213355
-218.2198,121.2944555,4.3654
-222.9497336,121.2944555,5.276446847
-224.53493,121.2944555,4.65384
-205.1545186,121.2944555,4.177213355
-222.9498586,121.2944555,5.193696847
-222.9500672,121.2944555,5.055630202
-222.9502086,121.2944555,4.961996847
-223.00542,121.2944555,6.11496
-203.708195,121.2944555,5.14041
-211.245125,121.2944555,4.81225
-222.9503586,121.2944555,4.862696847
-215.3275186,121.2944555,4.177213355
-222.9502836,121.2944555,4.912346847
-222.9500672,121.2944555,5.055630202
-208.2255186,121.2944555,4.177213355
-222.9495486,121.2944555,5.398916847
-199.4686633,121.2944555,2.757373333
-211.50124,121.2944555,5.11062
-202.954,121.2944555,4.982
-223.18447,121.2944555,4.58386
-211.0025186,121.2944555,4.551713355
-224.22729,121.2944555,6.95002
-228.277055,121.2944555,5.60759
-212.2241067,121.2944555,5.573386667
-227.52204,121.2944555,4.86852
-222.9499586,121.2944555,5.127496847
-219.79375,98.3895,5.1475
-222.9497336,121.2944555,5.276446847
-222.9500672,121.2944555,5.055630202
-222.9495961,121.2944555,5.367471847
-222.9500672,121.2944555,5.055630202
-222.9500486,121.2944555,5.067916847
-222.9500672,121.2944555,5.055630202
-222.9500672,121.2944555,5.055630202
-222.9500672,121.2944555,5.055630202
-222.9500672,121.2944555,5.055630202
-222.9500672,121.2944555,5.055630202
-222.9496486,121.2944555,5.332716847
-222.9498986,121.2944555,5.167216847
-222.9500672,121.2944555,5.055630202
-222.9497936,177.885,5.236726847
-222.9500672,121.2944555,5.055630202
-222.9500672,121.2944555,5.055630202
-222.9500672,121.2944555,5.055630202
-222.9495886,121.2944555,5.372436847
-222.9496886,121.2944555,5.306236847
-222.9509419,121.2944555,4.47653018
-222.9500672,121.2944555,5.055630202
-222.9500672,121.2944555,5.055630202
-222.9500672,121.2944555,5.055630202
-222.9500672,121.2944555,5.055630202
-222.9497086,121.2944555,5.292996847
-222.9500986,121.2944555,5.034816847
-222.9497936,121.2944555,5.236726847
-222.9499386,121.2944555,5.140736847
-222.9496986,121.2944555,5.299616847
-222.9497986,121.2944555,5.233416847
-222.9507543,121.2944555,4.60073399
-222.9495886,121.2944555,5.372436847
-222.9505486,121.2944555,4.736916847
-222.9504336,121.2944555,4.813046847
-222.9506853,121.2944555,4.646443513
-222.9500672,121.2944555,5.055630202
-222.9500672,357.7895,5.055630202
-222.9497986,54.148,5.233416847
-222.9496786,121.2944555,5.312856847
-222.9503836,121.2944555,4.846146847
-222.9501019,-23.9305,5.03261018
-222.9501986,155.398,4.968616847
-222.9500672,121.2944555,5.055630202
-222.9514486,121.2944555,4.141116847
-222.9500672,121.2944555,5.055630202
-222.9500186,121.2944555,5.087776847
-222.9500672,121.2944555,5.055630202
-222.9500672,121.2944555,5.055630202
-222.9498686,121.2944555,5.187076847
-222.9500672,121.2944555,5.055630202
-222.9500672,121.2944555,5.055630202
-222.9500686,121.2944555,5.054676847
-222.9502236,121.2944555,4.952066847
-222.9499736,121.2944555,5.117566847
-222.9498286,121.2944555,5.213556847
-222.9502136,121.2944555,4.958686847
-222.9498736,121.2944555,5.183766847
-222.9500672,121.2944555,5.055630202
-222.9500672,121.2944555,5.055630202
-222.9500672,121.2944555,5.055630202
-222.9500672,121.2944555,5.055630202
-222.9500672,121.2944555,5.055630202
-222.9500672,121.2944555,5.055630202
-222.9500672,121.2944555,5.055630202
-222.9496186,121.2944555,5.352576847
-222.9500672,121.2944555,5.055630202
-222.9500672,121.2944555,5.055630202
-222.9500672,121.2944555,5.055630202
-222.9500672,121.2944555,5.055630202
-222.9500672,121.2944555,5.055630202
-222.9500672,121.2944555,5.055630202
-222.9500672,121.2944555,5.055630202
-222.9500672,121.2944555,5.055630202
-222.9497486,96.1065,5.266516847
-222.9500672,121.2944555,5.055630202
-222.9500672,121.2944555,5.055630202
-222.9500672,121.2944555,5.055630202
-222.9500672,121.2944555,5.055630202
-222.9500672,121.2944555,5.055630202
-222.9500953,121.2944555,5.037023513
-222.9500672,121.2944555,5.055630202
-222.9500672,121.2944555,5.055630202
-222.9500672,121.2944555,5.055630202
-222.9500672,121.2944555,5.055630202
-222.9500672,121.2944555,5.055630202
-222.9500672,121.2944555,5.055630202
-222.9500672,121.2944555,5.055630202
-222.9502486,95.888,4.935516847
-222.9500672,121.2944555,5.055630202
-222.9500672,121.2944555,5.055630202
-222.9500672,121.2944555,5.055630202
-222.9500672,121.2944555,5.055630202
-222.9500672,121.2944555,5.055630202
-222.9500672,121.2944555,5.055630202
-222.9500672,121.2944555,5.055630202
-222.9495886,121.2944555,5.372436847
-222.9500672,121.2944555,5.055630202
-222.9508486,121.2944555,4.538316847
-222.9500672,121.2944555,5.055630202
-222.9500672,121.2944555,5.055630202
-222.9500672,121.2944555,5.055630202
-222.9505419,121.2944555,4.74133018
-222.9500672,121.2944555,5.055630202
-222.9500672,121.2944555,5.055630202
-222.9500672,121.2944555,5.055630202
-222.9500672,121.2944555,5.055630202
-222.9503136,121.2944555,4.892486847
-222.9500672,121.2944555,5.055630202
-222.9500672,121.2944555,5.055630202
-222.9500672,121.2944555,5.055630202
-222.9497786,121.2944555,5.246656847
-222.9502086,121.2944555,4.961996847
-222.9500672,121.2944555,5.055630202
-222.9500672,121.2944555,5.055630202
-222.9500672,121.2944555,5.055630202
-222.9500986,121.2944555,5.034816847
-222.9500672,121.2944555,5.055630202
-222.9500672,121.2944555,5.055630202
-188.71761,103.717,4.49118
-222.9500672,121.2944555,5.055630202
-222.9500672,170.6665,5.055630202
-222.9500672,121.2944555,5.055630202
-222.9500672,121.2944555,5.055630202
-222.9500672,121.2944555,5.055630202
-222.9498586,121.2944555,5.193696847
-222.9500672,121.2944555,5.055630202
-222.9500686,121.2944555,5.054676847
-222.9500672,121.2944555,5.055630202
-222.9500672,121.2944555,5.055630202
-222.9500672,121.2944555,5.055630202
-222.9500672,121.2944555,5.055630202
-222.9500672,121.2944555,5.055630202
-222.9500672,121.2944555,5.055630202
-222.9500672,121.2944555,5.055630202
-222.9500672,121.2944555,5.055630202
-222.9500672,121.2944555,5.055630202
-222.9500672,121.2944555,5.055630202
-222.9500672,121.2944555,5.055630202
-222.9500486,121.2944555,5.067916847
-222.9500672,121.2944555,5.055630202
-222.9500672,121.2944555,5.055630202
-222.9500672,121.2944555,5.055630202
-222.9500672,121.2944555,5.055630202
-222.9510286,121.2944555,4.419156847
-222.9500672,121.2944555,5.055630202
-222.9500672,121.2944555,5.055630202
-222.9499886,121.2944555,5.107636847
-222.9500672,121.2944555,5.055630202
-222.9500672,121.2944555,5.055630202
-222.9500672,121.2944555,5.055630202
-222.9500672,121.2944555,5.055630202
-222.9505486,121.2944555,4.736916847
-222.9498986,177.338,5.167216847
-222.9500672,121.2944555,5.055630202
-222.9500672,121.2944555,5.055630202
-222.9500672,121.2944555,5.055630202
-222.9503686,85.118,4.856076847
-222.9500672,121.2944555,5.055630202
-222.9496986,235.365,5.299616847
-222.9500672,121.2944555,5.055630202
-222.9500672,121.2944555,5.055630202
-222.9505786,121.2944555,4.717056847
-222.9500672,121.2944555,5.055630202
-222.9500672,121.2944555,5.055630202
-222.9501853,121.2944555,4.977443513
-222.9500672,121.2944555,5.055630202
-222.9500786,121.2944555,5.048056847
-222.9495486,121.2944555,5.398916847
-222.9498936,121.2944555,5.170526847
-222.9498486,121.2944555,5.200316847
-222.9500672,121.2944555,5.055630202
-222.9500672,121.2944555,5.055630202
-222.9496986,121.2944555,5.299616847
-222.9500672,121.2944555,5.055630202
-222.9496486,121.2944555,5.332716847
-222.9500672,121.2944555,5.055630202
-222.9504486,121.2944555,4.803116847
-222.9501353,121.2944555,5.010543513
-222.9512153,121.2944555,4.295583513
-222.9500586,121.2944555,5.061296847
-222.9503486,121.2944555,4.869316847
-222.9500672,121.2944555,5.055630202
-222.9502686,121.2944555,4.922276847
-222.9497986,121.2944555,5.233416847
-222.9500672,121.2944555,5.055630202
-208.078725,121.2944555,4.41505
-222.9519636,121.2944555,3.800186847
-222.9495936,121.2944555,5.369126847
-222.9500672,121.2944555,5.055630202
-222.9497966,121.2944555,5.234740847
-222.9500672,121.2944555,5.055630202
-222.9500672,121.2944555,5.055630202
-222.9500672,121.2944555,5.055630202
-222.9500672,121.2944555,5.055630202
-222.9500672,121.2944555,5.055630202
-222.9500672,121.2944555,5.055630202
-222.9500672,121.2944555,5.055630202
-222.9500672,121.2944555,5.055630202
-222.9500672,121.2944555,5.055630202
-222.9508586,121.2944555,4.531696847
-222.9500672,121.2944555,5.055630202
-222.9500672,121.2944555,5.055630202
-222.9500672,121.2944555,5.055630202
-222.9497636,121.2944555,5.256586847
-222.9500672,121.2944555,5.055630202
-222.9500672,121.2944555,5.055630202
-222.9501486,121.2944555,5.001716847
-222.9500672,121.2944555,5.055630202
-222.9500672,121.2944555,5.055630202
-222.9500672,121.2944555,5.055630202
-222.9505586,121.2944555,4.730296847
-222.9500672,121.2944555,5.055630202
-222.9500672,121.2944555,5.055630202
-222.9500672,140.8565,5.055630202
-222.9500672,121.2944555,5.055630202
-222.9500486,63.325,5.067916847
-222.9500672,121.2944555,5.055630202
-222.9495736,121.2944555,5.382366847
-222.9502686,121.2944555,4.922276847
-222.9500672,121.2944555,5.055630202
-222.9500686,121.2944555,5.054676847
-222.9500672,121.2944555,5.055630202
-222.9500672,121.2944555,5.055630202
-222.9500672,121.2944555,5.055630202
-222.9502486,121.2944555,4.935516847
-222.9500672,121.2944555,5.055630202
-222.9500672,121.2944555,5.055630202
-222.9500672,121.2944555,5.055630202
-222.9500672,121.2944555,5.055630202
-222.9500672,176.758,5.055630202
-222.9500672,121.2944555,5.055630202
-222.9500672,121.2944555,5.055630202
-222.9500672,121.2944555,5.055630202
-222.9500672,121.2944555,5.055630202
-222.9500672,121.2944555,5.055630202
-222.9509486,121.2944555,4.472116847
-222.9499386,121.2944555,5.140736847
-222.9496186,121.2944555,5.352576847
-222.9500672,121.2944555,5.055630202
-222.9500672,121.2944555,5.055630202
-222.9498886,121.2944555,5.173836847
-222.9497086,108.365,5.292996847
-222.9504386,121.2944555,4.809736847
-222.9500672,121.2944555,5.055630202
-222.9500672,121.2944555,5.055630202
-222.9498786,121.2944555,5.180456847
-222.9500672,121.2944555,5.055630202
-222.9500672,121.2944555,5.055630202
-222.9500672,121.2944555,5.055630202
-222.9500672,121.2944555,5.055630202
-222.9500672,121.2944555,5.055630202
-222.9496786,121.2944555,5.312856847
-222.9500672,121.2944555,5.055630202
-222.9500672,121.2944555,5.055630202
-227.05555,189.8865,6.4034
-222.9500672,121.2944555,5.055630202
-222.9500672,121.2944555,5.055630202
-222.9500672,121.2944555,5.055630202
-222.9498036,121.2944555,5.230106847
-222.9498486,121.2944555,5.200316847
-222.9500672,121.2944555,5.055630202
-222.9500672,121.2944555,5.055630202
-222.9496486,161.128,5.332716847
-222.9500672,121.2944555,5.055630202
-222.9500672,121.2944555,5.055630202
-222.9500672,121.2944555,5.055630202
-222.9500672,121.2944555,5.055630202
-222.9500672,121.2944555,5.055630202
-222.9501706,172.8312034,4.987152847
-222.9498086,121.2944555,5.226796847
-222.9500672,121.2944555,5.055630202
-222.9500672,121.2944555,5.055630202
-222.9500672,121.2944555,5.055630202
-222.9500672,121.2944555,5.055630202
-222.9499886,121.2944555,5.107636847
-215.6795186,121.2944555,5.300713355
-227.747018,121.2944555,5.344584
-222.9498636,121.2944555,5.190386847
-222.9505336,121.2944555,4.746846847
-222.9499686,121.2944555,5.120876847
-222.9500672,121.2944555,5.055630202
-222.9500672,121.2944555,5.055630202
-222.9500672,121.2944555,5.055630202
-222.9500672,121.2944555,5.055630202
-222.9500672,121.2944555,5.055630202
-222.9500672,121.2944555,5.055630202
-222.9501586,121.2944555,4.995096847
-222.9500672,121.2944555,5.055630202
-222.9500672,121.2944555,5.055630202
-222.9500672,121.2944555,5.055630202
-222.9500672,121.2944555,5.055630202
-222.9500672,121.2944555,5.055630202
-222.9504986,121.2944555,4.770016847
-222.9500672,121.2944555,5.055630202
-222.9500686,106.335,5.054676847
-222.9500672,121.2944555,5.055630202
-222.9506186,121.2944555,4.690576847
-222.9497786,121.2944555,5.246656847
-222.9500672,121.2944555,5.055630202
-222.9500672,121.2944555,5.055630202
-222.9500672,121.2944555,5.055630202
-222.9507886,55.9595,4.578036847
-222.9500672,121.2944555,5.055630202
-222.9500672,121.2944555,5.055630202
-222.9500672,121.2944555,5.055630202
-222.9500672,121.2944555,5.055630202
-222.9500672,121.2944555,5.055630202
-222.9500672,121.2944555,5.055630202
-231.29812,121.2944555,6.02606
-222.9500672,121.2944555,5.055630202
-222.9500672,121.2944555,5.055630202
-222.9509586,115.978,4.465496847
-222.9495986,121.2944555,5.365816847
-222.9498786,121.2944555,5.180456847
-222.9500672,121.2944555,5.055630202
-222.9500672,121.2944555,5.055630202
-222.9500672,121.2944555,5.055630202
-222.9500586,81.8895,5.061296847
-222.9500672,121.2944555,5.055630202
-222.9496486,121.2944555,5.332716847
-222.9500672,121.2944555,5.055630202
-222.9500672,121.2944555,5.055630202
-234.62476,121.2944555,5.88988
-222.9500672,121.2944555,5.055630202
-222.9500672,121.2944555,5.055630202
-222.9500672,121.2944555,5.055630202
-222.9496086,121.2944555,5.359196847
-222.9500672,121.2944555,5.055630202
-222.9500672,121.2944555,5.055630202
-222.9500672,121.2944555,5.055630202
-222.9500672,121.2944555,5.055630202
-222.9500672,121.2944555,5.055630202
-222.9500672,121.2944555,5.055630202
-222.9502086,121.2944555,4.961996847
-222.9497486,121.2944555,5.266516847
-222.9500886,121.2944555,5.041436847
-222.9500672,121.2944555,5.055630202
-222.9500672,121.2944555,5.055630202
-222.9500672,121.2944555,5.055630202
-222.9500672,121.2944555,5.055630202
-222.9502486,144.4135,4.935516847
-222.9500672,121.2944555,5.055630202
-222.9499286,121.2944555,5.147356847
-222.9503386,41.4565,4.875936847
-222.9507486,121.2944555,4.604516847
-222.9501586,121.2944555,4.995096847
-222.9500672,121.2944555,5.055630202
-222.9499636,121.2944555,5.124186847
-222.9496386,121.2944555,5.339336847
-222.9498486,154.965,5.200316847
-222.9499586,32.56120343,5.127496847
-222.9498086,121.2944555,5.226796847
-222.9501586,121.2944555,4.995096847
-222.9507586,121.2944555,4.597896847
-222.9498386,121.2944555,5.206936847
-222.9498286,121.2944555,5.213556847
-222.9503486,121.2944555,4.869316847
-222.9505986,121.2944555,4.703816847
-222.9501786,121.2944555,4.981856847
-222.9507086,195.3265,4.630996847
-222.9505486,121.2944555,4.736916847
-222.9496753,121.2944555,5.315063513
-222.9500672,121.2944555,5.055630202
-222.9505936,121.2944555,4.707126847
-222.05848,121.2944555,5.32624
-222.9502353,121.2944555,4.944343513
-213.5426833,121.2944555,4.442633333
-222.9496236,121.2944555,5.349266847
-222.9499653,257.052,5.123083513
-233.370495,173.1295,5.69081
-222.9496986,121.2944555,5.299616847
-222.9498386,121.2944555,5.206936847
-224.29198,121.2944555,4.99524
-222.9499086,121.2944555,5.160596847
-220.049215,121.2944555,5.87617
-222.9496086,258.6835,5.359196847
-222.9500672,121.2944555,5.055630202
-222.9497386,186.225,5.273136847
-222.9501386,121.2944555,5.008336847
-222.9496286,153.4765,5.345956847
-207.35545,121.2944555,5.3461
-222.9501653,121.2944555,4.990683513
-223.3761,121.2944555,6.3268
-222.9501736,94.148,4.985166847
-222.9502086,211.2095,4.961996847
-222.9495486,-51.31879657,5.398916847
-222.9500672,-16.099,5.055630202
-222.9498886,165.7735,5.173836847
-222.9500672,121.2944555,5.055630202
-222.9495836,121.2944555,5.375746847
-222.9500672,-4.5675,5.055630202
-222.9500672,85.0465,5.055630202
-222.9495719,171.8265,5.38347018
-222.9500672,59.5495,5.055630202
-222.9500672,11.718,5.055630202
-222.9504036,121.2944555,4.832906847
-222.9500672,74.818,5.055630202
-222.9500672,91.0995,5.055630202
-222.9500253,278.122,5.083363513
-222.9503986,121.2944555,4.836216847
-222.9498486,116.3395,5.200316847
-222.9496886,57.415,5.306236847
-222.9500986,121.2944555,5.034816847
-222.9496886,228.945,5.306236847
-222.9502886,175.6735,4.909036847
-220.61242,121.2944555,5.36596
-222.9496986,214.438,5.299616847
-222.9498586,143.5765,5.193696847
-222.9500672,23.468,5.055630202
-221.27121,121.2944555,5.87948
-222.9500672,119.6065,5.055630202
-222.9499236,101.2565,5.150666847
-222.9501486,94.7665,5.001716847
-806.616315,203.4865,5.80997
-222.9500672,52.0465,5.055630202
-222.9495786,230.395,5.379056847
-222.9500672,231.955,5.055630202
-222.9502186,293.8565,4.955376847
-222.9500672,167.005,5.055630202
-222.9504286,155.688,4.816356847
-222.9500672,249.1065,5.055630202
-222.9497486,121.2944555,5.266516847
-222.9497986,121.2944555,5.233416847
-222.9504086,65.5695,4.829596847
-222.9500672,121.2944555,5.055630202
-222.9495486,274.675,5.398916847
-222.9500436,121.2944555,5.071226847
-222.9500672,121.2944555,5.055630202
-222.9500672,-35.609,5.055630202
-222.9500486,21.6895,5.067916847
-222.9500672,54.728,5.055630202
-222.9500672,128.3795,5.055630202
-222.9500672,59.2595,5.055630202
-222.9500672,117.4665,5.055630202
-222.9500672,250.0865,5.055630202
-222.9499186,111.955,5.153976847
-222.9503486,155.398,4.869316847
-222.9501586,52.878,4.995096847
-222.9507686,91.0995,4.591276847
-222.9502486,121.2944555,4.935516847
-222.9500672,65.3895,5.055630202
-222.9500672,105.788,5.055630202
-222.9496886,121.2944555,5.306236847
-222.9499186,232.0595,5.153976847
-222.9501536,20.2395,4.998406847
-222.9500672,203.448,5.055630202
-222.9497386,294.912,5.273136847
-222.9500672,168.455,5.055630202
-222.9497936,125.3365,5.236726847
-222.9500672,121.2944555,5.055630202
-222.9497486,79.3165,5.266516847
-222.9500086,-25.709,5.094396847
-222.9500672,108.8695,5.055630202
-222.9499686,78.841,5.120876847
-222.9500672,144.591,5.055630202
-210.37656,121.2944555,4.61128
-222.9498086,168.2365,5.226796847
-222.9500672,121.2944555,5.055630202
-222.9500672,12.551,5.055630202
-222.9500672,245.0835,5.055630202
-222.9501236,-46.783,5.018266847
-222.9500672,128.0895,5.055630202
-222.9501486,116.411,5.001716847
-222.9500672,-16.7505,5.055630202
-222.9497986,121.2944555,5.233416847
-222.9500672,121.2944555,5.055630202
-222.9500672,121.2944555,5.055630202
-222.9500672,89.721,5.055630202
-222.9500672,211.8265,5.055630202
-219.582105,121.2944555,5.57449
-222.9500672,103.358,5.055630202
-222.9500672,76.8825,5.055630202
-222.9500672,78.4795,5.055630202
-222.9499286,94.9465,5.147356847
-222.9499586,75.218,5.127496847
-222.9495986,194.965,5.365816847
-222.9500672,-22.699,5.055630202
-222.9496786,192.7165,5.312856847
-222.9504886,79.8965,4.776636847
-204.17636,121.2944555,3.99468
-222.9496586,82.0365,5.326096847
-222.9500672,121.2944555,5.055630202
-222.9498186,162.108,5.220176847
-222.9501886,40.6195,4.975236847
-222.9495586,99.0835,5.392296847
-229.75598,121.2944555,6.11874
-222.9499886,222.198,5.107636847
-222.9499486,59.2595,5.134116847
-222.9503086,121.2944555,4.895796847
-222.9497786,128.6365,5.246656847
-222.9497486,199.8965,5.266516847
-222.9499986,212.735,5.101016847
-222.9500486,24.6995,5.067916847
-222.9502786,56.141,4.915656847
-222.9498753,83.525,5.182663513
-222.9496686,177.162,5.319476847
-222.9502986,121.2944555,4.902416847
-222.9497286,121.2944555,5.279756847
-222.9505686,8.561,4.723676847
-222.9505286,275.982,4.750156847
-222.9506453,114.7465,4.672923513
-222.9496286,238.988,5.345956847
-222.9500672,217.448,5.055630202
-222.9500672,289.1065,5.055630202
-222.9500636,121.2944555,5.057986847
-222.9497486,213.3495,5.266516847
-222.9504319,128.9595,4.81415018
-222.9500486,152.388,5.067916847
-222.9503086,110.0295,4.895796847
-222.9500672,211.318,5.055630202
-222.9496886,68.218,5.306236847
-222.9503086,59.2595,4.895796847
-222.9497086,141.651,5.292996847
-222.9500672,268.328,5.055630202
-222.9497986,121.2944555,5.233416847
-222.9500672,121.2944555,5.055630202
-222.9500672,111.4465,5.055630202
-222.9503486,163.5195,4.869316847
-222.9500672,121.2944555,5.055630202
-222.9506886,64.481,4.644236847
-222.9508786,121.2944555,4.518456847
-222.9500672,21.1095,5.055630202
-222.9496336,192.6065,5.342646847
-222.9498986,135.2695,5.167216847
-222.9500672,80.981,5.055630202
-222.9502486,121.2944555,4.935516847
-645.12638,198.1565,5.76694
-222.9497586,196.7765,5.259896847
-222.9501586,121.2944555,4.995096847
-222.9505886,92.878,4.710436847
-222.9496186,33.948,5.352576847
-222.9504486,58.3895,4.803116847
-222.9497236,121.2944555,5.283066847
-222.9498086,121.2944555,5.226796847
-222.9500672,143.648,5.055630202
-222.9500672,121.2944555,5.055630202
-222.9499686,137.918,5.120876847
-222.9500986,284.1035,5.034816847
-222.9497086,182.7065,5.292996847
-222.9500672,85.151,5.055630202
-222.9500672,121.2944555,5.055630202
-222.9500672,121.2944555,5.055630202
-222.9500672,121.2944555,5.055630202
-222.9508236,121.2944555,4.554866847
-222.9497486,256.468,5.266516847
-222.9496786,225.1365,5.312856847
-222.9496586,220.348,5.326096847
-222.9503486,121.2944555,4.869316847
-825.4265533,138.5365,5.652193333
-222.9507536,221.038,4.601206847
-222.9500636,121.2944555,5.057986847
-222.9500586,121.2944555,5.061296847
-222.9500486,14.871,5.067916847
-222.9495686,73.225,5.385676847
-212.9153,121.2944555,6.5689
-222.9497236,121.2944555,5.283066847
-222.9504286,121.2944555,4.816356847
-227.81006,121.2944555,6.35328
-222.9498686,142.488,5.187076847
-222.9500586,94.614,5.061296847
-222.9500086,190.648,5.094396847
-222.9499086,196.958,5.160596847
-222.9495886,192.8965,5.372436847
-222.9501686,234.7465,4.988476847
-222.9507186,132.8065,4.624376847
-222.9502486,147.4195,4.935516847
-222.9508786,7.6195,4.518456847
-222.9500086,182.345,5.094396847
-222.9496886,132.6635,5.306236847
-222.9503986,281.965,4.836216847
-222.9500636,121.2944555,5.057986847
-222.9496486,158.6265,5.332716847
-222.9496936,259.768,5.302926847
-222.9500986,121.2944555,5.034816847
-222.9508119,182.778,4.56259018
-222.9501736,2.831,4.985166847
-222.9498486,257.9565,5.200316847
-222.9500672,207.2525,5.055630202
-222.9501086,40.691,5.028196847
-222.9500386,121.2944555,5.074536847
-222.9499086,204.5035,5.160596847
-222.9500672,173.491,5.055630202
-222.9535486,201.3465,2.750916847
-222.9498736,210.885,5.183766847
-222.1540667,170.3765,5.974366667
-222.9502286,72.531,4.948756847
-222.9498261,249.6495,5.215211847
-222.9500286,121.2944555,5.081156847
-222.9499486,290.305,5.134116847
-222.9498086,70.8665,5.226796847
-222.9498086,165.992,5.226796847
-222.9496786,159.0265,5.312856847
-222.9496486,153.548,5.332716847
-222.9496486,159.6395,5.332716847
-222.9502386,120.4765,4.942136847
-222.9496886,132.298,5.306236847
-222.9507886,37.681,4.578036847
-222.9501236,121.2944555,5.018266847
-222.9500672,69.5635,5.055630202
-222.9506786,55.741,4.650856847
-222.65476,162.9395,4.85338
-222.9510786,121.2944555,4.386056847
-222.9496286,-73.036,5.345956847
-222.9506186,121.2944555,4.690576847
-222.9501736,24.191,4.985166847
-231.04125,121.2944555,5.4785
-222.9495986,213.058,5.365816847
-222.9496236,121.2944555,5.349266847
-222.9498486,121.2944555,5.200316847
-226.99108,166.715,5.96554
-225.4818033,121.2944555,5.861193333
-222.9502686,121.2944555,4.922276847
-218.635505,226.368,5.68419
-222.653845,121.2944555,5.08461
-222.9504886,121.2944555,4.776636847
-228.213575,121.2944555,5.26335
-222.9505586,121.2944555,4.730296847
-222.9497486,221.2895,5.266516847
-215.77546,121.2944555,4.96498
-222.9498886,127.005,5.173836847
-226.7992225,121.2944555,5.871205
-222.9496536,187.385,5.329406847
-221.89834,121.2944555,5.04442
-217.720455,121.2944555,6.09179
-225.51356,121.2944555,5.64778
-222.15408,121.2944555,5.96554
-222.9507586,121.2944555,4.597896847
-223.24829,-17.692,5.82652
-221.93016,121.2944555,4.78908
-215.02041,121.2944555,5.74708
-226.20448,121.2944555,5.70074
-224.47097,121.2944555,4.62736
-216.40273,135.3795,4.41174
-222.9500936,121.2944555,5.038126847
-216.77368,121.2944555,3.69584
-222.9497986,136.288,5.233416847
-222.9499286,246.895,5.147356847
-222.090184,121.2944555,5.896692
-222.1220433,167.6565,6.738813333
-229.595365,121.2944555,5.77687
-219.1666,121.2944555,5.6213
-232.42321,121.2944555,6.25398
-222.9497986,176.5065,5.233416847
-222.9500586,137.628,5.061296847
-222.9496536,232.825,5.329406847
-230.2542,121.2944555,6.6351
-222.9503486,121.2944555,4.869316847
-216.965895,121.2944555,4.67701
-215.45563,121.2944555,4.85244
-214.16916,121.2944555,5.91258
-215.58313,121.2944555,5.18344
-220.48458,121.2944555,5.63454
-222.9502636,115.3265,4.925586847
-222.9501486,91.0995,5.001716847
-219.72909,121.2944555,6.33342
-222.9500336,197.4995,5.077846847
-222.9500686,198.988,5.054676847
-222.9495486,239.135,5.398916847
-221.738865,-77.2775,4.32237
-209.7994,121.2944555,5.0047
-222.9505486,184.228,4.736916847
-222.9501353,109.778,5.010543513
-222.9497686,121.2944555,5.253276847
-222.9499686,195.798,5.120876847
-222.9499386,157.2095,5.140736847
-222.9501486,153.838,5.001716847
-221.111495,121.2944555,4.19281
-216.37043,57.881,4.61034
-205.27062,4.101,3.07356
-224.3555,121.2944555,5.6875
-221.43147,121.2944555,6.08186
-222.9499986,192.245,5.101016847
-228.34171,121.2944555,4.79948
-213.91399,121.2944555,4.61412
-222.9497586,121.2944555,5.259896847
-209.3014,121.2944555,5.4662
-201.21966,121.2944555,3.70908
-206.90772,121.2944555,4.04386
-222.9503436,42.3225,4.872626847
-222.9502986,121.2944555,4.902416847
-222.9499486,22.051,5.134116847
-218.846835,121.2944555,4.34223
-218.25185,121.2944555,5.0813
-222.9502086,154.8895,4.961996847
-222.9499636,121.2944555,5.124186847
-207.22703,121.2944555,5.62414
-209.013,121.2944555,4.233
-222.9497686,191.698,5.253276847
-219.50548,121.2944555,4.57724
-222.9502786,121.2944555,4.915656847
-222.9503486,-41.049,4.869316847
-225.225565,121.2944555,4.52097
-216.6775186,121.2944555,3.802713355
-209.012825,121.2944555,4.34885
-222.9505011,121.2944555,4.768361847
-226.39676,121.2944555,5.88988
-224.91828,121.2944555,6.20764
-224.7265186,121.2944555,4.926213355
-210.87544,121.2944555,4.69072
-218.69914,121.2944555,5.92582
-223.47261,121.2944555,5.98918
-222.9500236,168.0565,5.084466847
-217.9760533,121.2944555,5.608693333
-218.539115,121.2944555,5.94237
-217.91209,121.2944555,5.58442
-217.81631,121.2944555,5.43878
-220.54821,121.2944555,5.87948
-221.7707,121.2944555,4.4316
-222.78206,121.2944555,5.69128
-219.57023,121.2944555,4.08074
-216.3067875,121.2944555,4.748175
-222.9497486,81.1995,5.266516847
-225.51397,121.2944555,4.25286
-222.9508886,-38.039,4.511836847
-208.7695186,121.2944555,5.675213355
-220.3568467,121.2944555,3.960006667
-222.9507386,121.2944555,4.611136847
-223.24912,121.2944555,4.90256
-223.53623,121.2944555,5.86624
-222.9500386,96.3965,5.074536847
-222.9503419,234.3095,4.87373018
-209.20429,121.2944555,5.07752
-218.41149,121.2944555,4.19612
-214.61717,121.2944555,6.28046
-217.78521,121.2944555,4.84298
-207.32347,121.2944555,4.95836
-222.9499736,113.805,5.117566847
-215.08428,121.2944555,5.83314
-222.9501236,82.835,5.018266847
-205.1225186,121.2944555,4.551713355
-222.9499086,130.3765,5.160596847
-207.13123,121.2944555,5.11724
-212.35248,172.845,4.95174
-204.30407,121.2944555,4.56116
-214.2335186,121.2944555,4.551713355
-231.9246,121.2944555,5.2468
-208.3215186,121.2944555,4.177213355
-222.9501219,121.2944555,5.01937018
-222.9501236,125.441,5.018266847
-222.9504536,121.2944555,4.799806847
-218.91119,121.2944555,4.48172
-222.9505086,-13.669,4.763396847
-219.4735186,121.2944555,4.926213355
-222.9501686,157.571,4.988476847
-222.9500672,121.2944555,5.055630202
-214.796315,121.2944555,4.68647
-222.9500619,121.2944555,5.05909018
-222.9505036,121.2944555,4.766706847
-227.8104,121.2944555,5.7537
-212.7558667,121.2944555,5.444766667
-227.24731,121.2944555,6.18778
-217.9122233,121.2944555,6.245153333
-223.31227,121.2944555,5.09076
-212.947245,121.2944555,6.23081
-212.94751,121.2944555,5.68088
-219.76105,121.2944555,5.6109
-221.01598,121.2944555,4.24624
-220.32474,121.2944555,4.03062
-226.39602,121.2944555,6.00526
-214.52117,121.2944555,5.90596
-227.6187,121.2944555,5.1806
-217.9762,121.2944555,6.2606
-218.4755186,121.2944555,4.551713355
-207.95036,121.2944555,5.03118
-222.68505,121.2944555,5.6109
-225.4815186,121.2944555,5.300713355
-222.9496586,169.9395,5.326096847
-221.8021,121.2944555,5.5778
-222.9500672,219.078,5.055630202
-216.5945186,121.2944555,4.551713355
-223.21606,121.2944555,4.85528
-219.60177,121.2944555,4.38526
-206.760405,121.2944555,6.12489
-238.272296,121.2944555,5.909548
-219.26297,121.2944555,5.75086
-218.974715,121.2944555,4.42167
-224.82249,121.2944555,4.94512
-215.98701,121.2944555,3.85188
-222.9497286,121.2944555,5.279756847
-219.85731,121.2944555,5.81328
-210.2985186,121.2944555,4.177213355
-225.98134,121.2944555,3.63342
-207.8865186,121.2944555,3.802713355
-226.20459,121.2944555,5.62792
-221.59123,121.2944555,5.49174
-222.9499586,121.2944555,5.127496847
-222.9505136,121.2944555,4.760086847
-230.3185186,121.2944555,4.551713355
-222.9501566,121.2944555,4.996420847
-222.9500672,121.2944555,5.055630202
-207.8225186,121.2944555,4.551713355
-208.9485186,121.2944555,4.551713355
-222.9498519,121.2944555,5.19811018
-222.36568,121.2944555,4.44484
-217.6569525,121.2944555,4.638945
-234.84813,121.2944555,5.55794
-221.303365,121.2944555,5.40237
-218.2515186,121.2944555,4.177213355
-214.6685186,121.2944555,4.551713355
-226.8955186,121.2944555,5.300713355
-222.9499836,224.1565,5.110946847
-223.8115186,121.2944555,4.926213355
-229.25607,121.2944555,5.97216
-222.9498153,121.2944555,5.222383513
-203.612775,121.2944555,4.38195
-222.5571,121.2944555,5.2033
-215.551055,121.2944555,5.60759
-200.189605,121.2944555,4.49449
-219.3902525,121.2944555,5.476845
-222.9497486,121.2944555,5.266516847
-222.9501111,140.4195,5.026541847
-213.3185186,121.2944555,4.926213355
-225.290605,121.2944555,3.83249
-228.4375186,121.2944555,6.049713355
-221.49539,121.2944555,6.13482
-223.08829,121.2944555,4.70302
-198.680005,121.2944555,3.85519
-228.37339,121.2944555,6.50932
-223.63219,121.2944555,3.64572
-226.30036,121.2944555,6.15468
-222.5895186,121.2944555,4.926213355
-230.25455,121.2944555,4.5309
-205.749585,121.2944555,5.25673
-222.68543,121.2944555,4.98484
-224.63019,121.2944555,4.76922
-228.56523,121.2944555,5.49174
-222.9500486,121.2944555,5.067916847
-222.9498486,121.2944555,5.200316847
-220.855,121.2944555,4.895
-215.98684,121.2944555,4.33892
-216.7095186,121.2944555,4.551713355
-222.9502586,242.835,4.928896847
-230.41467,121.2944555,5.94946
-225.2575186,40.981,4.926213355
-208.3855186,121.2944555,4.177213355
-223.1205186,121.2944555,4.551713355
-229.1288,121.2944555,5.1144
-219.473695,121.2944555,4.43491
-223.0885186,121.2944555,4.551713355
-222.9500536,186.1825,5.064606847
-226.0766,121.2944555,4.4978
-221.80249,121.2944555,4.19612
-209.8955186,121.2944555,4.926213355
-209.9915186,121.2944555,4.926213355
-215.98625,121.2944555,4.7295
-222.9501786,121.2944555,4.981856847
-222.9504686,121.2944555,4.789876847
-218.2195186,121.2944555,4.551713355
-200.52826,121.2944555,3.97388
-214.9564533,121.2944555,5.718393333
-206.3125186,121.2944555,4.551713355
-216.873,121.2944555,1.498
-222.9505886,121.2944555,4.710436847
-224.10118,121.2944555,3.45184
-228.629535,121.2944555,5.28983
-222.9503486,121.2944555,4.869316847
-212.03286,121.2944555,4.32568
-216.99739,121.2944555,5.01132
-216.90172,121.2944555,5.54186
-226.39697,121.2944555,4.62736
-215.148445,121.2944555,5.34941
-222.9499086,121.2944555,5.160596847
-214.45945,121.2944555,3.2731
-223.56822,121.2944555,5.87286
-206.504745,121.2944555,4.02731
-216.3062883,121.2944555,6.576623333
-227.42674,121.2944555,4.40512
-213.28663,121.2944555,4.47794
-219.76121,121.2944555,4.75598
-222.25,121.2944555,5.644
-230.47814,121.2944555,5.92582
-219.98514,121.2944555,5.92582
-221.239,121.2944555,5.2695
-224.196,121.2944555,4.982
-216.4021333,121.2944555,5.555733333
-224.59821,121.2944555,5.50498
-221.80245,121.2944555,4.9716
-223.1847,121.2944555,4.4316
-215.98623,121.2944555,4.36824
-212.5646433,121.2944555,3.807113333
-225.1939,121.2944555,4.2992
-209.5117167,121.2944555,3.671566667
-227.55454,121.2944555,5.28652
-222.90976,121.2944555,5.51538
-218.75067,121.2944555,4.82596
-212.384555,121.2944555,5.65109
-222.9523986,121.2944555,3.512216847
-216.1783567,121.2944555,4.284386667
-219.07004,121.2944555,5.99202
-219.762,121.2944555,3.8585
-222.9510153,121.2944555,4.427983513
-222.9498286,121.2944555,5.213556847
-214.57262,121.2944555,4.48456
-222.9499986,121.2944555,5.101016847
-225.9805186,121.2944555,4.551713355
-221.3038,121.2944555,5.1144
-214.5405,121.2944555,4.564
-214.45721,121.2944555,5.87948
-212.096715,121.2944555,5.17067
-226.0125186,121.2944555,5.300713355
-223.188,121.2944555,2.247
-225.3213,121.2944555,5.0709
-218.6679,121.2944555,5.0482
-214.01,121.2944555,3.8585
-200.7845186,121.2944555,4.551713355
-222.154,121.2944555,6.393
-221.23926,121.2944555,6.22088
-225.57725,121.2944555,4.7295
-222.68525,121.2944555,5.4785
-209.01219,121.2944555,4.76922
-223.4085186,121.2944555,5.300713355
-206.50447,121.2944555,4.58386
-221.73898,121.2944555,4.24624
-209.83178,121.2944555,4.37864
-211.9682,121.2944555,4.7626
-222.9505486,121.2944555,4.736916847
-209.07639,121.2944555,4.26232
-205.557375,121.2944555,5.39575
-222.9501486,121.2944555,5.001716847
-222.9500786,121.2944555,5.048056847
-222.9499686,121.2944555,5.120876847
-222.9500672,121.2944555,5.055630202
-228.15117,121.2944555,3.83296
-205.5255275,121.2944555,4.171295
-228.30902,121.2944555,5.63076
-212.5125433,121.2944555,4.909813333
-213.689095,121.2944555,4.83211
-210.459035,121.2944555,4.20983
-222.9498686,121.2944555,5.187076847
-217.81622,121.2944555,6.24736
-222.9495486,121.2944555,5.398916847
-222.9497919,121.2944555,5.23783018
-223.8126433,121.2944555,3.807113333
-222.9506603,121.2944555,4.662993513
